LeftMedium,,,,,,,,,,,,,,,,,,,,,,,,,,,,,,,,,,,,,,,,,,,,,,,,,,,,,,,,,,,,,,,,,,,,,,,,,,,,,,,,,,,,,,,,,,,,,,,,,,,,,,,,,,,,,,,,,,,,,,,,,,,,,,,,,,,,,,,,,,,,,,,,,,,,,,,,,,,,,,,,,,,,,,,,,,,,,,,,,,,,,,,,,,,,,,,,,,,,,,,,,,,,,,,,,,,,,,,,,,,,,,,,,,,,,,,,,,,,,,,,,,,,,,,,,,,,,,,,,,,,,,,,,,,,,,,,,,,,,,,,,,,,,,,,,,,,,,,,,,,,,,,,,,,,,,,,,,,,,,,,,,,,,,,,,,,,,,,,,,,,,,,,,,,,,,,,,,,,,,,,,,,,,,,,,,,,,,,,,,,,,,,,,,,,,,,,,,,,,,,,,,,,,,,,,,,,,,,,,,,,,,,,,,,,,,,,,,,,,,,,,,,,,,,,,,,,,,,,,,,,,,,,,,,,,,,,,,,,,,,,,,,,,,,,,,,,,,,,,,,,,,,,,,,,,,,,,,,,,,,,,,,,,,,,,,,,,,,,,,,,,,,,,,,,,,,,,,,,,,,,,,,,,,,,,,,,,,,,,,,,,,,,,,,,,,,,,,,,,,,,,,,,,,,,,,,,,,,,,,,
0,16.109,50.022,54.587,9.2826,53,0.80435,3.8043,4.6087,31.37,45.848,28.478,7.7174,16.087,18.5,3.8696,1.5435,0.1087,2.3261,0.086957,0.93478,0.15217,0.6087,11.152,3.587,1.3913,1.7609,0.56522,0.043478,0.32609,0,0.32609,0.043478,0.63043,0.21739,4.2391,4.6739,7.2174,2.9783,1.8478,0.58696,2.1304,3.3043,0,2.6522,0,3.0652,0.3913,3.5435,0.17391,0,0.13043,0.71739,0.086957,0,0.021739,0.043478,0.5,0.15217,0,0.54348,0.086957,0,0,0,0.021739,0,0,0,0,0,1.0435,1.3043,1.6522,0.43478,0.086957,1.5,0.56522,0,0.17391,0.63043,0.21739,0,0,0,0,0,0.34783,0.065217,0,0.086957,0,0,0,0,0,0,0,0,0,0,0.021739,0,0,0.065217,0.23913,0,0,0.15217,0,0.065217,0,0.19565,0,0.15217,0.043478,0,0,0.086957,0,0,0,0,0,0,0,0,0,0.26087,0,0.021739,0,0,0,0,0,0,0,0,0,0,0,0.13043,0,0.086957,0,0,0,0.65217,3.2391,0.91304,0,0.5,0.1087,0,0.17391,0,0,0,0,0,0,0,0,0,0,0.26087,0.36957,0,0,0,0,0,0,0,0,0,0,0,0,0,0,0,0,0.1087,0,0.021739,0,0,0.043478,0.086957,0.41304,0.065217,2.9783,0.15217,0,0,0.15217,0.13043,1.3043,0.82609,3.2391,1.2174,3.3696,0,0,0,0,0.043478,0,0,0,0,0,0,0,0,0.56522,0.54348,0.065217,0,0.021739,0.1087,0.5,0,0,0,0,0,0,0,0,0,0,0,0,0.30435,0.28261,0,0,0,0,0.021739,0.1087,0.043478,0,0,0,1.0217,0,0.1087,10.609,0.56522,2.1957,3.7609,1.2391,2.2826,19.217,0.58696,0.3913,0.91304,1.913,0,0,0.043478,0.67391,10.261,0.71739,4.8913,0.80435,0,0.47826,0.23913,5.4783,5.4783,8.913,3.5,0.58696,0.021739,1.5217,0,5.1957,0.41304,3.6522,2.1304,0.15217,0.23913,0,0,0,0,0.1087,0.043478,0.065217,0.5,0.065217,0.065217,0.54348,0.23913,0.021739,0.73913,0.15217,0.43478,0,0.086957,0.021739,0.32609,0,0,0.021739,0,0,0,0,0,0,0,0,0.021739,0,0,0,0,0,0,0,0,0,0,0,0,0,0,0,3.5652,0.043478,0,0.26087,0,0,0.13043,0.19565,0,0,0.043478,0,0,0,0,0,0,3.4783,0.34783,0,0,0,0,0,0,0,0,0,0,0,0,0,0,0,0,0,0,0,0,0,0,0,0,0,0,0,0,0,0,0,0,0,0,0,0,0,0,0,0,0,0,0,0,0,0,0,0,0,0,0,0,0,0,0,0,0,0,0.065217,0,0.021739,0,0,0,0.021739,0,0,0,0,0,0,0,0,0,0,0,0,0,0,0,0,0,0,0,0,0,0,0,0,0,0,0,0,0,0,0,0.021739,0,0,0,0,0,0,0,0,0,0,0,0,0,0,0,0,0.065217,0.1087,0,0.043478,0,0,0,0,0,0,0,0,0,0,0,0,0,0.021739,0,0,0,0,0,0,0,0,0,0,0,0.086957,0,0.043478,0.065217,0,0,0,0,0,0,0,0,0,0,0,0,0,0,0,0,1.2174,0.021739,0.15217,0.3913,0.043478,0.17391,0.13043,0,0.82609,0,0.086957,0.021739,0,0.28261,0.065217,0.043478,0,0,0,0,0,0,0,0,0,0,0,0.1087,0,0.67391,0,0,0.043478,0.6087,0.17391,0.043478,0.15217,0.065217,0.021739,0,0,0.13043,0.73913,0.3913,0.26087,0.54348,0.17391,0.13043,0.34783,0,0,0,0,0,0,0,0.021739,0.021739,0,0,0,0.021739,0,0,0,0,0,0,0,0,0,0,0.065217,0,0,0,0,0,0,0,0,0,0,0,0,0,0,0,0,0,0,0,0,0,0,0,0,0,0,0,0,0,0.13043,0,0.021739
16.109,0,3.8696,131.57,0.6087,45.674,0.1087,1.2174,1.0217,35.13,41.196,8.6957,18.022,1.1087,16.109,2.6087,2.3696,0.23913,1.1957,0.63043,3.5652,0.67391,0.52174,19.761,13.543,10.196,4.1522,0.80435,0.086957,0.065217,0.65217,1.3913,0.69565,8.7609,5.087,0.65217,4.6739,0.36957,0.63043,0.043478,0.043478,0,0.1087,0.021739,0.58696,0.65217,0.91304,0.45652,0.19565,0.065217,0.021739,0.043478,0.021739,0.043478,0.021739,0.13043,0.086957,0.15217,0.21739,0,0.26087,0.065217,0.021739,0,0.021739,0.065217,0.065217,0,0,0,0,0.1087,0.23913,0.45652,0.30435,0.021739,0.65217,0.086957,0,0.021739,0,0.043478,0,0,0,0,0.13043,0.3913,0.021739,0.021739,0,0,0,0,0,0,0,0,0,0,0.043478,0.15217,0,0,0,0,0,0,0,0,0.021739,0,0.17391,0.1087,0.15217,0.043478,0.021739,0.1087,0.065217,0,0,0,0.021739,0,0,0,0,0,0.5,0,0,0,0.043478,0.043478,0,0.021739,0,0,0.021739,0.021739,0,0.086957,0.19565,0,0,0,0,0,2.5,1.9783,0.13043,0,0,0,0,0,0,0,0.021739,0,0,0,0.021739,0,0,0,2.5217,0.043478,0,0,0.043478,0.21739,0,0,0,0,0,0,0,0,0,0,0,0,0,0,0.28261,0.52174,0.17391,0.1087,0.52174,0,0,0.086957,0.45652,0,0.80435,0.043478,0.32609,0.71739,0.19565,0.13043,0.32609,0.91304,0,0.021739,0,0,0.21739,0,0,0,0,0,0,0,0,0.021739,0,0.021739,1.413,0.086957,0,2.7609,0,0,0.95652,0,0,0,0,0,0,0.021739,0,0.021739,0.54348,0.97826,0,0,0,0,0.021739,0,0,0,0,0,0.021739,0,0,4.8043,0,0.19565,1.413,0.043478,1.1739,11.63,0.26087,0.043478,0.043478,0.021739,0,0,0,0.065217,1.4348,0.065217,0.26087,0.13043,0,0.043478,0.84783,1.413,2.2609,3.1739,2.587,0.021739,0,0.93478,0.043478,2.8696,0.065217,3.5217,1.087,0.26087,2.7826,0,0,0,0.021739,0.021739,0,0.13043,0.21739,0.021739,0.21739,0.1087,0.021739,0.26087,0.21739,0.043478,0.13043,0,0.19565,0,1.1087,0,0,0.19565,0.021739,0,0,0,0,0,0,0,0,0,0,0,0,0,0,0,0,0,0,0.086957,0,0,0,0,1.8913,0.76087,0,1.2609,0,0,0,0.1087,0.021739,0.23913,0.52174,0.086957,0,0,0,0,0,1.087,0.19565,0,0,0,0,0,0,0,0,0,0,0,0,0,0,0,0,0,0,0,0,0,0,0,0,0,0,0,0,0,0,0,0,0,0,0,0,0,0,0,0,0,0,0,0,0,0,0,0,0,0,0,0,0,0,0,0,0,0,0,0,0,0,0,0,0,0,0,0,0,0,0,0,0,0,0,0,0,0,0,0,0,0,0,0,0,0,0,0,0,0,0,0,0,0,0,0,0.13043,0,0,0,0,0,0,0.043478,0,0,0,0,0,0,0,0,0,0,0.3913,0,0,0,0,0,0,0,0,0,0,0.021739,0,0,0,0,0,0,0,0,0,0,0,0,0,0,0,0,0,0.23913,0,0,0.043478,0,0,0,0,0,0,0,0,0,0,0,0,0,0,0,0.36957,0,0,0.043478,0,0,0.021739,0.021739,0.021739,0,0,0.043478,0,0.23913,0.15217,0,0,0,0.021739,0,0,0,0,0,0,0,0,0.021739,0,0.1087,0,0.043478,0.021739,0,0,0.021739,0.1087,0.021739,0,0,0,0.021739,0.13043,0.086957,0.021739,0.73913,0,0,0,0,0,0,0,0,0,0,0,0,0,0,0,0,0,0,0,0,0,0.021739,0,0,0,0,0,0,0,0,0,0,0,0,0,0,0,0,0,0,0,0,0,0,0,0,0,0.065217,0,0,0,0,0,0,0,0,0.021739,0,0
50.022,3.8696,0,18.13,30.761,46.761,3.6087,2,59.978,3.3478,19.326,22.674,0.34783,42,6.587,0.56522,0.32609,0,0.65217,0.065217,1.6304,0.043478,0.71739,1.8913,1.8043,2.0217,0.8913,0.34783,0,0.15217,0.021739,0,0.021739,0,0.23913,4.0217,3.3696,31.804,4.1522,8.8478,1.5652,6.9348,5.2826,0,1.087,0,0.6087,1.3478,6.3696,0,0,0,0.56522,0.26087,0.021739,0.19565,0.36957,0.3913,0.52174,0,0.6087,0.021739,0,0,0,0.065217,0,0,0,0,0,4.0652,0.78261,1.7826,0.19565,0.021739,0.67391,0.41304,0,0.23913,0.91304,0.43478,0,0,0,0,0,0,0.13043,0,0,0,0,0,0,0,0,0,0,0,0,0.021739,0,0,0,0.1087,0,0,0.3913,0.021739,0.065217,0,0.63043,0,0.1087,0.1087,0.021739,0.021739,0,0.021739,0,0,0,0.021739,0,0,0,0,0.21739,0,0.043478,0,0,0.043478,0,0,0,0,0,0,0,0.021739,0.086957,0,0.086957,0,0.021739,0,0.043478,0.065217,0.021739,0,0.28261,0.021739,0.021739,0.021739,0,0,0,0,0,0,0,0,0,0,0,0,0,0,0,0,0,0,0,0,0,0,0,0,0,0,0,0,0,0,1.2826,0.58696,1.9348,3.4348,0.17391,0.13043,0.065217,1.5,0,0,0,0,0.086957,0.23913,0.47826,1.6739,0.13043,0.41304,0,0,0,0,7.587,0,0,0,0,0,0,0.021739,0.043478,5.8913,2.3478,2.1087,1.1957,0.21739,0.065217,44.261,0,0,0,0.021739,0,0,0,0,0.58696,4.7609,0,1.2174,42.457,6.7826,0.36957,0,0,0,0.021739,0.36957,0.56522,0,0.021739,0,0,0,0.065217,6.9348,0.3913,0.65217,1.6522,1.2609,0.26087,3.2609,0.32609,0.32609,1.2609,1.8913,0,0,0.15217,3.7609,4.4783,0.26087,5.8261,0.19565,0.065217,0.43478,0.21739,9.913,21.109,44.087,52.761,0.28261,0,4.5435,0.043478,14.652,4.413,24.239,26.304,16.022,14.239,0,0.065217,0,0.15217,0.34783,0.13043,0.80435,1.0435,0.043478,0.086957,0.97826,1.3696,0.065217,0.21739,0.065217,0.1087,0,0,0,0,0,0,0.021739,0,0,0,0.021739,0,0,0,0,0,0,0,0,0,0,0,0,0,0,0,0.065217,0,0,0,0,0.54348,0,0,0,0,0,0.086957,0.65217,0,0,0,0,0,0.021739,0,0,0,0.54348,2.8043,0,0,0,0,0,0,0,0,0,0,0,0,0,0,0,0,0,0,0,0,0,0,0,0,0,0,0,0,0,0,0,0,0,0,0,0,0,0,0,0,0,0,0,0,0,0,0,0,0,0,0,0,0,0,0,0,0,0,0.21739,0,0,0,0,0,0,0,0,0,0,0,0,0,0,0,0,0,0,0,0,0,0,0,0,0,0,0,0,0,0,0,0,0,0,0.021739,0,0,0,0,0,0,0,0,0,0.021739,0,0,0,0,0,0,0,0,0,3.6957,0.26087,0.26087,1.0652,0,0,0.30435,0.26087,0,0.021739,0,0,0.043478,0,0,0,0,0,0,0,0,0,0,0,0,0,0,0,0,2.913,1.6957,0.15217,0.021739,1.5217,0.23913,0.15217,0,0,0,0,0.043478,0.021739,0,0.043478,0.086957,0.021739,0,0,0.086957,0.58696,0,0.45652,0.21739,0.26087,0.19565,0.1087,0,0.021739,0,0,0,0,0.5,0.086957,0.043478,0,0.021739,0,0,0,0,0,0,0,0,0,0,0.17391,0.28261,0.021739,0,0,0.6087,0.26087,0.13043,7.0435,0.58696,0.17391,0,0,0.043478,0.021739,2.2391,1.0217,5.587,3.1522,0.086957,0.1087,0,0,0.021739,0,0,0,0.21739,0.021739,0,0,0.086957,0,0.021739,0.043478,0,0.1087,0,0,0,0,0,0,0,0.043478,0,0,0,0,0,0,0,0,0,0,0,0,0,0,0,0,0,0,0,0,0.021739,0.043478,0,0,0,0,0,0,0,0,0,0.13043
54.587,131.57,18.13,0,4.6522,57.848,0.23913,1.413,8.8261,37.435,43.587,20.37,21.13,8.2609,21.109,1.8043,2.6304,0,2.1739,0.1087,2.5217,0.58696,0.021739,16.043,8.8913,8.2826,1.1957,0.28261,0.065217,0.043478,0.32609,0.32609,0.19565,2.5435,8.7826,2.3913,3.0435,5.1087,1.1957,1.0435,0.065217,0.30435,1.3043,0.021739,0.28261,0.021739,0.84783,1.3478,1.6957,0.021739,0.021739,0,0.065217,0.065217,0,0.1087,0.021739,0.34783,0.21739,0,0.15217,0,0,0,0,0.17391,0.95652,0,0,0,0,0.28261,0.78261,0.43478,0,0,0,0,0,0,0.043478,0,0,0,0,0,0,0.21739,0.1087,0,0.021739,0,0,0,0,0,0,0,0,0,0,0.043478,0,0,0,0,0,0,0.065217,0,0.065217,0.021739,0.19565,0.086957,0.23913,0.043478,0.17391,0.086957,0,0,0,0,0.021739,0.043478,0,0,0,0,0.65217,0,0,0,0,0,0,0,0,0,0.1087,0,0.021739,0,0.19565,0,0.065217,0,0,0,0.28261,1.6087,0.3913,0,0.086957,0,0,0,0,0,0,0,0,0,0,0,0.021739,0,0.3913,0.15217,0,0,0,0,0,0,0,0,0,0,0,0,0,0,0,0,0.021739,0,2.4565,0.56522,0.021739,0.043478,0.3913,0,0,0.043478,0.26087,0,0.82609,0.021739,0.13043,0.47826,1.3696,1.3913,0.17391,1.2391,0.021739,0,0,0,0.69565,0,0,0,0,0,0,0,0,0.086957,0,0.34783,0.47826,0,0,22.5,0,0,0.26087,0,0,0,0,0,0.043478,1.2609,0,0.086957,10.087,5.3696,0,0,0,0,0,0.043478,0,0,0,0,0.1087,0,0,6.1304,0.1087,0.97826,1.3261,0.69565,3.2174,15.239,0.30435,0.21739,0.17391,0.82609,0.043478,0,0.021739,1.2391,5,0.19565,0.28261,0.065217,0,0,0.34783,2.1087,4.0652,3.1304,4.8261,0.56522,0,1.4783,0.1087,2.9783,0.52174,4.8261,1.413,1.913,4.4565,0,0.021739,0,0,0.021739,0.021739,0.043478,0.021739,0.043478,0.043478,0.1087,0.086957,0.21739,0.3913,0.021739,0.23913,0,0,0,0.043478,0,0,0.021739,0,0,0,0.021739,0,0,0,0,0,0,0,0,0,0,0,0,0,0,0,0,0,0,0,0,4.913,0.043478,0,0.26087,0,0,0.021739,1.6304,0,0.065217,0.021739,0,0.021739,0,0,0,0,1.0217,0.6087,0,0,0,0,0,0,0,0,0,0,0,0,0,0,0,0,0,0,0,0,0,0,0,0,0,0,0,0,0,0,0,0,0,0,0,0,0,0,0,0,0,0,0,0,0,0,0,0,0,0,0,0,0,0,0,0,0,0,0,0,0,0,0,0,0,0,0,0,0,0,0,0,0,0,0,0,0,0,0,0,0,0,0,0,0,0,0,0,0,0,0,0,0,0,0,0,0,0,0,0,0,0,0,0,0,0,0,0,0,0,0,0,0,0.93478,0.28261,0.34783,0,0,0,0,0,0,0,0,0,0,0,0.021739,0,0,0,0,0.021739,0,0,0,0,0,0,0,0,0,0.5,0.086957,0.021739,0,0.086957,0,0,0,0,0,0,0,0,0,0,0,0,0,0,0,0.28261,0,0.021739,0,0,0.021739,0,0,0,0,0.043478,0,0,0,0,0,0,0,0,0,0,0,0,0,0,0,0,0,0.30435,0.1087,0,0,0.021739,0.19565,0.21739,0,0.47826,0.17391,0,0,0,0,0.065217,0.26087,0,0.3913,0.52174,0,0,0,0,0,0,0,0,0,0.021739,0,0,0,0,0,0,0,0.065217,0,0,0,0,0,0,0,0,0,0,0,0,0,0,0,0,0,0,0,0,0,0,0,0,0,0,0,0,0,0,0,0,0,0,0,0,0,0.043478,0,0.021739
9.2826,0.6087,30.761,4.6522,0,49.413,28.826,2.087,71.783,0.34783,1.3478,2.9348,0,17.304,1.5,0.043478,0.043478,0.065217,0.065217,0.021739,0.34783,0.13043,0.47826,0.80435,0.3913,0.82609,1.587,0.26087,0,0.15217,0,0.065217,0,0.021739,0,0.21739,0.73913,7.7609,8.0435,16.804,5.1522,17.152,16.283,0,0.065217,0,0.13043,0.065217,0.97826,0,0,0,0,0.043478,0.021739,0.41304,0.26087,0.021739,0.43478,0,0.5,0.065217,0,0.021739,0.021739,0.086957,0,0.021739,0,0.13043,0.065217,0.17391,0.086957,0.13043,0,0,0.021739,0.043478,0,0.021739,0,0.19565,0.021739,0,0,0,0,0,0.021739,0,0,0.021739,0,0,0,0,0,0,0,0,0,0,0,0,0.021739,0,0,0,0.6087,0.63043,0.63043,0,2,0.34783,0.54348,0.41304,0.1087,0.23913,0,0,0.021739,0.52174,0.21739,0,0.21739,0,0.021739,0.28261,1.6087,0.021739,0,0,0,0,0.021739,0,0,0,0.1087,0.086957,0.26087,0,0.41304,0,0.93478,0,0.043478,0,0.043478,0.043478,0,0,0.021739,0,0,0,0,0,0,0,0,0,0,0,0,0,0,0,0,0.45652,0,0,0,0.086957,0,0.021739,0.021739,0.043478,0,0,0,0,0.065217,0.19565,0,0.043478,5.6087,10.804,8.2826,16.152,0,0,0,0.19565,0,0,0,0.021739,0,0,0.086957,0,0,0.043478,0,0,0,0,112.89,0,0,0,0,0,0,0.065217,0.13043,9.3913,10.435,0.76087,1.6304,2.8913,0.84783,222.52,0,0,0,0,0,0,0.17391,0,1.3913,3.1957,0,0.5,54.13,26.848,4.2391,0.56522,0,0.34783,0.043478,1.8913,2.7174,0,0.52174,0,0,0,0,0.73913,0.13043,0.23913,0.1087,0,0.043478,0.30435,0,0,0.71739,1.4348,0,0,0.1087,1.6304,0.41304,0.021739,1.0652,0,0.021739,0.043478,0.021739,0.82609,3.2609,5.3043,9.6304,0,0,0.1087,0,1.8478,0.69565,1.2609,0.69565,1.3478,9.4783,0.17391,7.8913,0.30435,0.86957,1.913,0.69565,15.717,12.043,0.15217,0.086957,7.0652,1.8261,0.13043,1.5217,1.5652,0.19565,0,0.086957,0,0.1087,0.086957,0,0,0.021739,0,0,0,0,0,0,0,0.1087,0,0,0,0,0,0,0.15217,0,0,0,0.021739,0,0,0,0,0.043478,0.065217,0,0,0,0,0,0.021739,0,0,0,0,0.065217,0.15217,0,0,0,0,0.15217,0,0,0,0,0,0,0,0,0,0,0,0,0,0,0,0,0.021739,0,0,0,0,0,0,0,0,0,0,0,0,0,0,0,0,0,0,0,0,0,0,0,0,0,0,0,0,0,0,0,0,0,0,0,0,0,0,0,0,0,0.84783,0.086957,0,0,0,0,0,0.021739,0,0,0,0,0,0,0,0,0,0,0,0,0,0,0,0,0,0,0,0,0,0,0,0,0,0,0,0,0,0,0,0,0,0,0,0,0,0,0,0,0,0,0,0,0,0,0,4.8913,2.1087,1.3478,4.6739,0,0,0,0,0,0,0,0,0,0,0,0,0,0,0,0.84783,0,0,0,0,0,0,0,0,0,0.086957,0.93478,1.0217,0.69565,3.0652,0.1087,0,0,0,0,0,0,0,0,0,0,0,0,0,4.413,2.8478,0.043478,0.71739,0.54348,0.54348,0.1087,1.3043,0.086957,0,0,0,0,0,0,0.043478,0,0,0,0,0,0,0,0,0,0,0,0,0,0,0.065217,0,0,0,0.021739,0,0,0.41304,0.065217,0.26087,0,0,0,0,0.021739,0,0,0.43478,5.3261,1.9783,0.043478,0,0.45652,0,0,0,3.4783,0.28261,0.021739,0,0.021739,0,0.021739,0,0,0.1087,0,0,0,0,0,0,0,0.021739,0,0,0,0,0,0,0,0,0,0,0,0,0,0,0,0,0,0,0,0,0.065217,0,0.021739,0,0,0,0,0,0,0.021739,0.065217,0.065217
53,45.674,46.761,57.848,49.413,0,77.935,43.783,34.043,16.609,29.87,24.543,8.1739,34.261,14.978,0.1087,1.7609,0.086957,1.5435,1.7391,4.1087,17.196,14.522,16.63,6.9783,7.6304,2.8696,13.891,0.065217,9.5217,5.5652,8.5217,0.76087,1.6522,1.4565,2.6522,0.6087,11.348,19.043,7.0435,16.13,14.783,3.087,0.021739,0.58696,0.26087,0.32609,0.82609,1.8696,0.043478,0.15217,0.26087,0.065217,0.34783,1.1739,4.1522,3.1522,0.15217,3.413,0.043478,0.65217,1.087,0.21739,0.086957,0.065217,0.30435,0.021739,0,0.021739,0,0.021739,0.021739,0.086957,1.0435,0,0,0,0,0,0,0,0,0.065217,0.021739,0.086957,0,1.413,0.45652,2.8478,0.69565,0.065217,0,0,0,0,0,0.043478,0.1087,0.17391,0.043478,0.021739,0.21739,0,0.021739,0.1087,0.19565,0,0.52174,0.28261,0.67391,1.2826,0.43478,1.7609,1.4348,1.0652,0.5,1.3261,1.413,1.4783,0.13043,0.021739,0.1087,0.043478,0.043478,0,0.021739,0,0.043478,1.587,0.52174,0.52174,0.1087,0,0.13043,0.021739,0.43478,0.23913,0,0.45652,0.47826,1.2609,0.78261,5.8913,0,3.7609,0.043478,0.71739,0.043478,0.58696,0.45652,0.36957,0,0.67391,0,0,0.065217,0.1087,0,0.065217,0,0.021739,0.065217,0,0.021739,0,0,0.86957,0,0,0.1087,0.043478,1.587,0.021739,0.13043,0,0.021739,0,0,0,0,0,0,0.043478,0,0.3913,0.13043,4.2391,4.8696,1.4783,3.4348,0.086957,0.1087,0.021739,0.43478,0.021739,0,0.043478,0.043478,0,0,0.19565,0.58696,0,1.1087,0.021739,0.54348,0,0,24.261,0,0,0,0,0,0.021739,0,0,1.7391,1.9565,0.19565,0.34783,0.5,0.47826,58.196,0,0,0,0,0,0,0,0,0,0.43478,0,1.3696,12.435,12.848,1.1304,0.3913,0,1.2826,0.86957,7.0652,2.9348,0.065217,0.86957,0,0,0,0,5.0435,0.32609,0.5,1.6522,0.67391,0.63043,4.0652,0.47826,0.56522,0.1087,0.3913,0.021739,0,0.021739,0.13043,3.1304,1.087,2.4565,0.021739,0,0.21739,0.086957,1.7609,3.8043,14.848,8.9348,0.82609,0,0.67391,0.043478,0.86957,0.1087,1.4565,0.41304,0.21739,11.696,0.065217,0.97826,0.086957,0.086957,0.69565,0.84783,8.0217,7.4783,1.3043,1.6522,11.652,9.9565,3.0435,6.1957,4.913,3.3261,0.043478,0.30435,0.17391,7.8043,0.043478,0,3.1087,0.1087,0,0,1.1087,0.1087,0,0,0,0.086957,0,0,0,0,0,0,0,0,0,0,0.043478,0,0,0,0,2.1087,3.7391,0.13043,3.6522,0,0,0,2.5217,0.065217,0.1087,1.7391,4.2826,5.1957,3.6957,0.43478,0.13043,0,0.1087,0.86957,0,0,0,0,0,0,0,0,0.021739,0,0.065217,0.13043,0,0,0,0,0,0,0,0,0,0.021739,0,0,0,0,0,0,0,0,0,0,0,0,0,0,0,0,0,0,0,0,0.1087,0,0,0,0,0,0,0,0,0,0,0,0,0,0,0,1.4783,0.41304,0.043478,0.065217,0.021739,0,0.15217,0.043478,0,0,0,0,0,0,0.021739,0,0,0,0,0,0,0,0.1087,0,0,0,0.5,0,0,0.043478,0.043478,0,0,0,0,1.3696,0,0,0.086957,0,0,0,0,0,0,0.043478,0,0,0,0,0.021739,0,0,0,0,0.30435,0.52174,0.13043,0.5,0,0,0,0,0,0.065217,0,0,0,0,0,0,0.1087,0.065217,0.043478,0.41304,0,0,0,0,0,0,0,0,0,0.82609,0.021739,0.91304,0.43478,0.36957,0,0,0,0,0,0,0,0,0,0,0,0,0,0,2.7391,3.3043,0.021739,1.7826,1.8261,0.21739,0.6087,2.3261,0,0,0,0,0.21739,0,0,0.043478,0,0,0.065217,0,0,0,0,0,0,0,0,0,0,0.1087,0.26087,0,0,0,0,0,0,0.065217,0.043478,0.021739,0,0,0,0,0,0,0.13043,0,0.82609,6.7609,0.21739,0.086957,0,0,0,0.021739,3.9348,2.9783,0.41304,0.043478,0.32609,0.021739,0,0.086957,0,0.21739,0,0,0.021739,0.19565,0.021739,0,0.23913,0.5,0.28261,0,0.23913,0,0,0,0,0,0,0,0,0,0,0,0,0,0,0,0,0,0.043478,0.021739,0,0.1087,0.021739,0.1087,0,0.086957,0.043478,0.28261,0.30435,0.8913
0.80435,0.1087,3.6087,0.23913,28.826,77.935,0,67.739,10.326,0.043478,0.21739,0.5,0.021739,1.8913,0.26087,0.043478,0.021739,0.19565,0.28261,3.7609,1.413,14.326,8.3043,0.76087,0.3913,1.4783,5.7174,10.609,0.43478,20.152,7.1739,5.3696,2.2609,0.80435,0.065217,1.1087,0.021739,4.3696,18.957,8.9348,20.37,47.935,13.696,0.043478,0.19565,0.021739,0.15217,0.13043,1.6522,0.23913,0.15217,0.21739,0.26087,0.30435,2.9565,3.6087,3.8478,0.6087,4.1957,0,3.3043,1.3913,0.086957,0.021739,0.54348,1.5652,0.13043,0,0,0,0,0,0,0.021739,0,0,0,0,0,0,0,0,0.086957,0.065217,0.15217,0.23913,0.65217,0.21739,1.413,1.5217,0.065217,0,0,0,0.065217,0.021739,0.086957,0.21739,0.15217,0,0.021739,0.021739,0,0.065217,0.23913,0.56522,0.086957,0.91304,1.0217,0.84783,3.4565,1.8261,6.3261,4.3913,8.9348,3.7174,9.3261,5.4783,0.32609,0.71739,0.021739,1.1087,0.23913,0.30435,0.043478,0,0,0.19565,3.6087,1.8043,0.84783,1.413,0.15217,1.7826,0.34783,0.26087,0.43478,0.23913,1.3478,2.8696,1.1739,2.8913,4.5217,0.3913,5.1957,0.28261,3.4783,0.23913,0.021739,0.086957,0,0,0,0,0,0,0,0,0.021739,0,0,0,0,0,0,0,0.021739,0,0,0.021739,0.32609,2.2826,0.043478,0.13043,0,0.021739,0.021739,0,0.043478,0.021739,0,0.021739,0.021739,0.043478,0.65217,1.1957,0.69565,0.065217,0.34783,2.8913,0,0,0.043478,0,0,0,0,0,0,0.043478,0.086957,0,0,0,0.26087,1.7609,0,0,35.087,0,0,0,0,0,0.67391,0,0,4.9348,2.4783,0.043478,0.043478,2.2609,0.58696,9.5435,0,0,0,0,0,0,0,0,0.71739,0.26087,0,0.67391,0.13043,10.174,2.9348,3.913,0.086957,3.1739,2.1957,10.457,4.9348,0.021739,3.3043,0,0,0,0,0.065217,0,0,0.043478,0,0.043478,0.17391,0,0,0,0.021739,0,0,0.1087,0.56522,0,0,0.065217,0,0,0,0.021739,0,0,1.1522,1.1522,0,0,0,0,0.065217,0,0.065217,0.021739,0,0.043478,0.47826,4.3913,0.67391,3.8478,2.5,4.8478,18.087,17.326,2.9565,4.1087,33.348,23.217,9.3696,15.848,14.783,7.2391,0.043478,2.6957,0.21739,4.2609,0.26087,0.21739,4.8696,0.043478,0.021739,0,0.021739,0.21739,0,0.086957,0,0.5,0,0,0,0,0,0.043478,0.021739,0,0,0,0.56522,0,0,0.065217,0.065217,0.086957,2.2609,0.17391,7.6087,0.021739,0,0,0.043478,0.15217,0.065217,2.0435,2.8913,2.1957,1.6304,0.78261,0.30435,0,0,0,0,0,0,0,0,0,0,0,0.021739,0.021739,0.021739,0,0,0,0,0,0.021739,0,0,0,0,0,0,0.021739,0,0,0,0,0,0,0,0,0,0,0,0,0.021739,0,0.021739,0.71739,0.6087,0,0.086957,0,0,0.021739,0,0,0,0.021739,0,0,0.1087,0,0,0,0,0,6.5217,2.3261,0,0.021739,0.26087,0,0.043478,0.065217,0,0,0,0,0,0,0,0,0,0,0.043478,0.065217,0,0,0.021739,0,0,0,0,0,0,0,0,0,0,0,0,0,0,0,0.021739,0,0,0,0,0,0,0.021739,0,0,0,0,0.021739,0,0,0,0.43478,0.1087,1.1739,0.19565,1.7826,0,0,0,0,0.065217,0.17391,0.23913,0,0.30435,0,0,0,0,0,0,0.73913,0,0,0,0,0,0,0,0,0,0,0.19565,1.7174,1.3913,0.23913,0,0,0,0,0,0,0,0,0,0,0,0,0,0,0.84783,8.2174,0.32609,5.087,9.9783,2.4565,2.0652,6.6087,0.065217,0,0,0,0.30435,0.065217,0,0.021739,0,0,0.065217,0,0,0,0,0,0,0,0,0,0,0,0,0.021739,0,0.021739,0,0,0,0,0,0,0,0,0,0,0,0,0,0,3.413,8.8913,0.91304,2.0652,0.043478,0,0,0,20.217,10.761,1.3261,0.021739,1.9783,0.17391,0.23913,0.78261,0,0.13043,0,0,0,0.065217,0,0,0.021739,0.19565,0.28261,0.021739,0.043478,0,0,0,0,0.13043,0,0,0,0,0,0,0,0,0,0,0,0,1.0435,0.021739,0,0.086957,0.086957,0.021739,0.086957,0.086957,0.15217,0.65217,1.087,1.7174
3.8043,1.2174,2,1.413,2.087,43.783,67.739,0,5.5435,0.17391,0.56522,0.93478,0.021739,3.2174,1.6087,0.043478,0.086957,0.021739,0.043478,7.6957,1.8696,35.891,20.326,0.63043,0.58696,2.6957,6.5435,55.043,0.95652,27.826,19.609,21.413,3.3478,0.34783,0.021739,0.1087,0.1087,0.45652,8.6087,1.5652,14.783,18.087,2.0217,0.1087,0.45652,0,0,0,0.021739,0.1087,0.1087,0.17391,0.065217,0.19565,1.1522,1.3261,1.8043,0.17391,1.5,0,1.1304,1.8043,0.21739,0.065217,0.1087,0.47826,0.021739,0,0,0,0,0,0,0,0,0,0,0,0,0,0,0,0.086957,0.13043,0.47826,0,9.1739,0.15217,8.2826,2.4783,0,0,0.065217,0.021739,0,0,0,0.086957,0.043478,0,0.13043,0.1087,0,0,0.065217,0.41304,0,0.13043,3.3913,0.15217,1.7826,0.28261,2.587,1.4783,4.1087,1.2609,2.6304,3.7391,6.4348,1.5,0.043478,0.043478,0,0,0,0.28261,0,0,2.7391,0.3913,0.58696,0.15217,0,0.91304,0,0.086957,0.065217,0.043478,2.9348,0.30435,1.0435,3.1957,6.1522,0.17391,4.8043,0.21739,1.2826,0.23913,0.065217,0.021739,0,0,0,0,0,0.043478,0.32609,0.21739,0.15217,0,0.086957,0.065217,0,0,0,0,0.021739,0,0,0,0.34783,3.4783,0,0.021739,0.021739,0.043478,0,0,0,0,0,0,0,0,1.0217,0.6087,1.0652,2.9348,6.087,2.913,0,0,0,0,0,0,0,0,0,0,0,0.021739,0,0,0.43478,1.9783,0,0,15.326,0,0,0,0,0,0,0,0,0,0,0,0,0.32609,0.1087,31.413,0,0,0,0,0,0,0,0,0,0,0,0.58696,10.413,5,0.45652,0.1087,0,0.41304,1.6304,4.5435,0.3913,0,0.58696,0.19565,0,0,0,0.1087,0.021739,0,0.26087,0.043478,0.065217,0.58696,0.043478,0.19565,0,0,0,0,0,0,0.28261,0,0,0,0,0,0,0.021739,0,2.413,1.4565,0,0,0.086957,0,0.021739,0.043478,0.13043,0.086957,0.021739,6.0217,0.13043,0.41304,0,0,0.086957,0.86957,2.413,2.587,0.41304,4.1304,4.8913,12.565,8.0435,8.5435,9.7826,8.6739,0,2.9565,0.73913,18.326,0,0,12.891,0.3913,0.065217,0.17391,0.78261,0.3913,0,0,0,0.28261,0,0,0,0,0,0,0,0,0,0,0,0,0,0,0,0.5,11.022,0.26087,15.717,0.086957,0.021739,0,0.17391,0.30435,0.26087,5,9.3913,4.6957,3.7174,0.043478,0.065217,0,0,0,0,0,0,0,0,0,0,0,0.021739,0.021739,0.23913,0.67391,0.021739,0,0,0,0,0,0,0,0.021739,0,0,0,0,0,0,0,0,0,0,0,0,0,0,0,0,0,0.021739,0.34783,0.34783,0,0.1087,0,0,0,0,0,0,0,0,0,0,0,0,0,0,0,1.6739,1.1957,0.021739,0.043478,0.13043,0.021739,0.021739,0.52174,0,0.021739,0,0,0,0,0.021739,0,0,0,0.043478,0,0,0,0,0,0,0,0.45652,0,0,0.021739,0.086957,0.021739,0,0,0,0.1087,0,0,0.043478,0,0,0,0,0,0,0,0,0,0,0,0,0,0,0,0.15217,0,0.021739,0,0.043478,0.021739,0,0,0,0.065217,0.1087,0.19565,0,0.065217,0,0,0,0.3913,0.086957,0,0.13043,0,0,0,0,0,0,0,0,0,0,0,0.021739,0.065217,0.28261,0,0,0,0,0,0,0,0,0,0,0,0,0,0,0.1087,1.5652,0.086957,2.9783,4.413,1.5,0.97826,3.5652,0.34783,0,0,0,0,0,0,0.021739,0,0,0.021739,0,0,0,0,0.021739,0,0,0,0,0,0,0,0,0,0.021739,0,0,0,0,0,0,0,0,0,0,0,0,0,0,0.84783,2.1739,0.32609,0.45652,0,0,0.021739,0.1087,4.7826,7.4783,1.0435,0.086957,1.913,0.34783,0.065217,1,0.021739,0.19565,0,0,0.065217,0.043478,0,0,0.021739,0.13043,0,0,0.021739,0,0,0,0,0,0,0,0,0,0,0,0,0,0,0,0,0.021739,0.13043,0,0.021739,0,0,0.021739,0.021739,0.1087,0.065217,0.5,0.21739,1.6087
4.6087,1.0217,59.978,8.8261,71.783,34.043,10.326,5.5435,0,0.91304,11.087,13.783,0.56522,88.239,9.913,0.021739,0.021739,0,0.065217,0.065217,0.086957,0.58696,0.86957,0.13043,0.26087,0.21739,0.086957,0.6087,0,3.7609,0.69565,0,0,0,0,0.86957,1.413,5.3478,10.37,14.413,9.8043,15.848,30.391,0,0.1087,0,0.30435,0.086957,1.413,0.021739,0.043478,0.021739,0.086957,0.086957,0.19565,0.3913,0.45652,0.52174,0.45652,0,2.1304,0.26087,0.043478,0.043478,0,0.15217,0,0,0,0,0,0.36957,0.17391,0.13043,0,0,0.13043,0,0,0,0.15217,0.043478,0,0,0,0,0.021739,0,0,0,0,0,0,0,0,0,0,0,0,0,0,0,0,0,0.043478,0.21739,0,0,0.26087,0,0.17391,0,0.6087,0.043478,0.1087,0.1087,0,0.065217,0,0,0,0,0,0,0,0,0,0.021739,1.1957,0.065217,0,0,0,0.021739,0,0,0,0,0,0,0,0,0,0,0,0,0,0,0.043478,0,0,0,0,0,0,0,0,0,0,0,0,0,0,0,0,0,0,0,0,0,0,0,0,0,0,0,0,0,0,0,0,0,0,0,0,0,0.76087,3.1304,6.9565,9.6522,0,0.15217,0.021739,0.78261,0,0,0,0,0,0.043478,0.021739,0.065217,0.021739,0.19565,0,0.021739,0,0,30.696,0,0,0,0,0,0,0.30435,0.45652,3.087,4.1739,1.3696,1.4783,7,0.54348,86.717,0,0,0,0,0,0,0,0.021739,0,0.8913,0,0,19.174,6.1304,2.0435,0.21739,0,1.8478,0.65217,1.3696,1.2174,0,0.86957,0,0,0,0,1.0435,0.41304,0.19565,0.43478,0.23913,0.17391,0.95652,0.21739,1.3478,0,0,0,0,0.76087,2.1739,2.6957,0.021739,1.6304,0,0,0,0.26087,1.4565,3.913,6.4565,14.065,0.021739,0,0.97826,0.065217,6.8913,0,2.3478,3.3696,2.8261,8.3696,0.065217,1.7391,0.086957,0.13043,2.1522,0.23913,19.348,10.174,0.086957,0.021739,7.4348,2.7391,0.065217,0.086957,0.63043,0.086957,0,0,0,0.1087,0.043478,0,0.065217,0,0,0,0,0,0,0.021739,0,0.93478,0,0,0,0,0,0,0.043478,0,0,0,0.043478,0,0.21739,0,0,0,0,0,0.065217,0,0.21739,0.021739,0,0,0,0.021739,0.15217,0.34783,0.78261,0.43478,0.065217,0,0.41304,0.54348,0,0,0,0,0,0,0,0,0,0,0,0,0.021739,0,0,0,0,0,0,0,0,0,0,0,0,0,0,0,0,0,0,0,0,0,0,0,0,0,0,0,0,0,0,0,0,0,0,0,0,0,0.021739,0,0,0,0,0,0,0,0.52174,0,0,0,0,0,0,0,0,0,0,0,0,0,0,0,0,0,0,0,0,0,0,0,0,0,0,0,0,0,0,0,0,0,0,0,0,0,0,0,0,0,0,0,0,0,0,0,0,0.021739,0,0,0,0,0,2.6739,2.1087,4.3478,5.9565,0,0,0,0.021739,0,0,0.021739,0,0.021739,0,0.021739,0,0,0,0,3.8478,0,0,0,0,0,0,0,0,0,0.91304,0.76087,2.8913,0.41304,3.7391,0.065217,0.21739,0.021739,0,0,0,0,0,0,0,0,0,0,0,1.1739,2.8478,0,0.69565,0.6087,0.13043,0.32609,1.2826,0,0.086957,0,0,0,0,0.021739,0,0,0,0,0,0,0,0,0,0,0,0,0,0,0,0.56522,0,0,0.086957,0.19565,0.021739,0.043478,4.087,0.32609,0.065217,0,0,0,0,1.8478,0.065217,0.26087,0.43478,7.6739,4.6304,0.19565,0.13043,0.3913,0,0,0,3.7609,1.2174,0.19565,0,0,0,0,0,0,0,0,0,0,0,0,0,0,0,0.021739,0,0,0,0,0,0,0,0,0,0,0,0,0,0,0,0,0,0,0,0.13043,0,0,0,0,0,0,0,0,0,0.021739,0.065217
31.37,35.13,3.3478,37.435,0.34783,16.609,0.043478,0.17391,0.91304,0,24.717,10.413,33.37,2.413,6.8043,40.304,22.478,5.5652,5.6087,2.4783,2.413,1.7391,0.78261,26.435,5.1522,2.1087,1.3261,0.043478,0,0.043478,0,1.2609,1.4565,31.304,0.15217,0,0.043478,0,0.82609,0.19565,0.45652,0.43478,0.17391,14.348,7.8043,1.1522,0.23913,0.065217,0.021739,0.6087,0.065217,0,0.086957,0.043478,2.9565,0.32609,1.8913,0.23913,0.1087,0,0.32609,0.021739,0.086957,0.043478,0,0.15217,1.6739,0,0.5,0,0.26087,0.67391,1.8913,1.1304,0,0,0,0,0,0,0,0,0.13043,0.065217,0.086957,0,0,0,0.043478,0.043478,0,0,0,0,0.065217,0.021739,0,0,0,0,0.21739,0.71739,0,0.021739,0,0.17391,0,0.73913,0.15217,0.021739,0.21739,0.21739,0.021739,0.34783,0.086957,0.15217,0.065217,0.13043,0.021739,0.1087,0,0.043478,0.021739,0.065217,0,0.043478,0,0,0,0.1087,0.021739,0,0,1.5217,0.15217,0.043478,0.26087,0.086957,0.28261,0.63043,0.086957,1.8696,0.41304,0.69565,0.021739,0.26087,0.021739,0,9.2609,33.174,2.3043,0.97826,1.6957,1.587,11.13,12.152,0,0,0.36957,0,0.19565,0.021739,0.19565,0.043478,13.978,8.4348,3.7609,1.8261,4.7391,0,0.17391,0.54348,0.021739,0,0.021739,0,0,0,0,0.1087,0,0,0,0.021739,0,0,0,0.043478,0,0,0.1087,0.043478,0.021739,0.021739,0,0,0,1.6522,0.1087,0.36957,0,0.086957,0,0.043478,0.86957,1.6957,0,0,0,0,0,0,0,0,0,0,0,0.086957,0.15217,0.76087,0.36957,0.45652,1.6739,0.15217,0,0,0,0,0,0,0,0,0,0,0,0,0.021739,0.021739,1.3043,0.1087,0.043478,0.021739,0.043478,0.043478,0.043478,0,0,0.13043,10.326,1.2174,7.9783,4.3261,0.65217,0.065217,1.6522,0.3913,1.7391,35.696,0,0.065217,0,0.13043,0,0,0,0,4.3913,0,1.3913,0.93478,0,0,0.1087,0,0.021739,0,0.021739,0,1.8913,0,0,0,0,0.021739,0,0,0.043478,0,0,0,0,0,0,0,0.021739,0.086957,0.26087,0.17391,0.21739,0.34783,0.47826,0.065217,0.1087,0.086957,3.9348,2.3913,20.196,0.1087,0,4.4348,0.26087,0,0,0.1087,0.043478,0,0.021739,0,0.1087,0,0,0,0,0,0,0.021739,0,0,0,0,0,0,0,0,19.13,4.7391,0,1.8913,0,0.32609,0.84783,4.587,11.152,1.587,0.93478,0.13043,0.45652,0.23913,0,0,0,0.82609,0.71739,0,0,0,0,0,0,0,0,0.021739,0.021739,0,0,0,0,0,0,0,0,0,0,0,0,0,0,0,0,0,0,0,0,0,0,0,0,0,0,0,0,0,0,0,0,0,0,0,0,0,0,0,0,0,0,0,0,0,0,0,0,0,0,0.021739,0,0.021739,0,0,0.021739,0.021739,0,0,0,0,0,0,0,0,0,1.4565,0.26087,0,0,0.021739,0,0,0,0,0,0,0,0,0,0,4.6739,4.8478,1.1739,0.67391,6.3261,0,0,0,0,0,0,0,0,0,0,0,0,0,0,0,0,0,0,0,0,0,0,0,0,0,0.086957,0,0,0,0,0,0,0,0,0,0,0.021739,0,0,0,0,0,0,0,0,0,0.086957,0.065217,0.26087,0.32609,0,0,0,0,0,0,0,0,0,0,0,0,0,0,0,0,0,0,0.043478,0,0.28261,0.086957,0.043478,0,5.8913,0.65217,2.0217,0.3913,0,0.043478,0.34783,0.15217,0,0,0.043478,0,0,0,0,0,0,0,0,1.3478,0.65217,1.6957,0,0,0,0.086957,0,0,0,0,0,0,2.5217,0,0.82609,0,0,0,0,0,0,0,0,0,0,0,0,0.1087,0.63043,0,0,0.065217,0.043478,0,0.13043,0,0.086957,0.043478,0,0.3913,1.2174,0,0,0,0,0,0,0,0,0,0,0,0,0,0,0,0,0,0,0,0,0,0,0,4.3261,0,0,0,0,0,0,0.13043,0.043478,0,0.32609,0.13043,0.17391
45.848,41.196,19.326,43.587,1.3478,29.87,0.21739,0.56522,11.087,24.717,0,27.37,20.696,15.109,17.522,4.4348,6.6739,1.2174,2.0435,0.21739,0.43478,0.021739,0,9.3696,3.9783,0.80435,0.52174,0.1087,0,0.021739,0,0.021739,0,1.9565,0.15217,0.19565,0.065217,0.13043,0.043478,0.1087,0.021739,0.54348,0.71739,2.7826,6.9348,1.8696,1.7609,0.065217,0.34783,0.76087,0.086957,0.086957,0,0,1.0217,0.19565,1.1739,0.67391,0.15217,0,0.043478,0,0,0,0,0,0.1087,0.021739,0,0,0,0.69565,0.58696,0.5,0,0,0,0,0,0,0,0,0,0,0.021739,0,0,0,0,0.065217,0,0,0,0,0,0.043478,0,0,0.021739,0,0.1087,0.043478,0,0,0,0,0,0,0,0,0,0,0,0,0,0,0.021739,0.13043,0,0,0,0,0,0.021739,0,0,0,0,0.065217,0,0,0,0,0.043478,0,0,0.52174,0,0.086957,0.065217,0,0.065217,0.065217,0,0.13043,0.043478,0.065217,0.021739,3.913,3.1739,0.73913,0.17391,0.95652,0.1087,0.13043,0.021739,0.3913,0,0.1087,0,0,0,0,0,6.2174,2.2174,0.91304,0.13043,0.021739,0,0,0.021739,0,0,0,0,0,0,0,0,0,0,0,0,0,0,0,0.28261,0.1087,0,0.30435,0.043478,0,0,0.021739,0,0,0.5,0.1087,0.021739,0.65217,2.6957,0.065217,1.4565,0.043478,0.065217,0,0,0.065217,0,0,0,0,0,0.1087,0,0,0.065217,0.043478,0.021739,0.043478,0.021739,0.19565,1.3478,0,0,0,0,0,0,0,0,0,0.086957,0,0,0.043478,0,0,0.021739,0,0,0.021739,0.021739,0.043478,0,0,0,1.3913,0.58696,2.587,4.4348,1.1522,0.56522,2.6739,0.45652,1.6087,17.957,0.021739,0.065217,0.32609,0.63043,0.021739,0,0,0,7.3478,0.45652,2.8696,5.1957,1.4348,1.3043,0.36957,0.021739,0.19565,0.15217,0.13043,0,0.82609,0,0,0.19565,0,0.043478,0.1087,0.13043,0.021739,0,0,0,0,0,0,0.021739,1.087,0.065217,0.1087,0.56522,0.21739,0.21739,0.65217,0.043478,0.021739,0,0.26087,0.021739,0.17391,0,0,0.065217,0,0,0,0,0,0,0,0,0,0,0,0,0,0,0,0,0,0,0,0,0,0,0,0,3.4565,0,0,0,0,0.086957,1.8043,1.6304,0.76087,0.021739,0.21739,0.021739,0.043478,0,0,0,0,0.45652,0.19565,0,0,0,0,0,0,0,0,0,0,0,0,0,0,0,0,0,0,0.065217,0,0,0,0,0,0,0,0,0,0,0,0,0,0,0,0,0,0,0,0,0,0,0,0,0,0,0,0,0,0,0,0,0,0,0,0,0,0,0,0,0,0.086957,0,0.021739,0,0,0.15217,0.043478,0,0,0,0,0,0.021739,0,0,0,0.065217,0,0,0,0.043478,0,0,0,0,0,0,0,0,0,0,0.56522,0.84783,0.21739,0,2.9565,0,0.065217,0,0,0,0,0,0,0,0,0,0,0,0,0,0,0,0,0,0,0,0,0,0,0.1087,0.021739,0,0.13043,0,0,0,0.021739,0,0,0,0,0,0,0,0,0,0,0,0,0,0,0,0,0,0,0.021739,0,0,0,0,0,0,0,0,0,0,0,0,0,0,0,0.043478,0,0,0,0,0,0.021739,0,0.26087,0.043478,0.56522,0,0,0.26087,0.5,1.2609,0,0.021739,0.26087,0,0,0.3913,0.065217,0,0,0,0,0,0.21739,1.6522,0.3913,0.043478,0.13043,0.13043,0,0.021739,0.043478,0.021739,0,0.043478,0.043478,1.5652,1.1087,0,0,0,0.021739,0,0,0,0,0,0,0,0,0.043478,0.95652,0,0,0.043478,0,0,0.1087,0,0,0,0,0.56522,0.76087,0,0,0,0,0,0,0,0,0,0,0,0,0,0,0,0,0,0,0,0,0,0,0,0.021739,0,0,0,0,0,0,0,0,0,0.021739,0,0
28.478,8.6957,22.674,20.37,2.9348,24.543,0.5,0.93478,13.783,10.413,27.37,0,10.478,20.87,40.978,0.5,0.52174,2.0652,3.6957,0.13043,0.56522,0.1087,0.54348,2.7174,1.5,0.26087,0,0.17391,0,0.5,0,0,0,0.23913,0,0.065217,0.1087,0.80435,0.86957,0.54348,0.13043,0.86957,0.93478,0,2.9783,0.43478,3.9565,0.19565,0.21739,0,0,0.15217,0.021739,0.043478,0,0,0,0.021739,0.065217,0,0.021739,0,0,0,0,0,0,0,0,0,0,0.78261,1.1087,1.1304,0,0,0.26087,0.1087,0,0,0,0,0,0,0,0,0,0.065217,0,0,0,0,0,0,0,0,0,0,0,0,0,0,0,0,0,0,0,0,0,0,0.021739,0,0,0,0.043478,0.23913,0,0,0,0,0,0,0,0,0,0,0,0,0.021739,0,0,0,0,0.021739,0,0,0,0.043478,0.043478,0,0,0,0.19565,0.021739,0.021739,0,0.1087,0.1087,0.76087,0.13043,0,0,0.91304,0.065217,0.23913,0.19565,0,0,0,0,0,0,0.021739,0,1.0652,0.021739,0,0.043478,0,0,0,0,0,0,0,0,0,0,0,0,0,0,0,0,0,0,0,0,0.065217,0,2.3043,0.13043,0,0.15217,0.32609,0,0.26087,0.19565,0.13043,0.21739,0.45652,1.6739,0.065217,0.65217,0,0,0,0,0,0,0,0,0,0,0,0.1087,0.086957,0.17391,0.043478,0,0,0.021739,0.30435,0.30435,0,0,0,0,0,0,0,0,0,0,0,0,0.19565,0,0,0.021739,0,0,0,0,0,0,0,0,0.28261,0.47826,2.3913,2.4565,0.54348,0.19565,0.52174,0.73913,3.2174,6.0652,0.52174,0.021739,0.21739,0.17391,0,0,0,0.021739,4.0652,0,1.1957,4,1.1957,1.2391,3.4565,0.32609,0.19565,0.19565,0,0,0.3913,1.4783,0.065217,0.17391,0.043478,0.043478,0.30435,0,0.021739,0,0,0,0,0,0,0.021739,0.043478,0,0,0.021739,0.065217,0,0.15217,0,0.15217,0,0,0,0.021739,0,0,0,0,0,0,0,0,0,0,0,0,0,0,0,0,0,0,0,0,0,0,0,0,0,0,0,0.78261,0,0,0,0,0,0.71739,0.8913,0.086957,0.19565,0,0,0.021739,0,0,0,0,0.95652,0.58696,0,0,0,0,0,0,0,0,0,0,0,0,0,0,0,0,0,0,0,0,0,0,0,0,0,0,0,0,0,0,0,0,0,0,0,0,0,0,0,0,0,0,0,0,0,0,0,0,0,0,0,0,0,0,0,0,0,0,0.1087,0,0,0,0,0,0,0,0,0,0,0,0,0,0,0,0,0,0,0,0,0,0.19565,0,0,0,0,0,0,0,0,0,0,0,0.67391,0,0.021739,2.6304,0,0,0,0,0,0,0,0,0,0,0,0,0,0,0,0,0,0,0,0.19565,0.43478,0,0,0.1087,0.56522,0,0,0.3913,0,0,0,0.43478,0,0,0,0,0,0,0,0,0,0,0,0,0,0,0.043478,0,0.021739,0,0.15217,0,0,0,0,0,0,0,0,0,0,0,0,0,0,0,0.19565,0,0.021739,0,0.065217,0,0,0,0.021739,0.021739,0.52174,0.021739,0,0,0,0.15217,0,0,0,0.086957,0.1087,0.1087,0.26087,0,0,0.043478,0,0,0.065217,0.19565,0.043478,0.1087,1.3261,0.63043,0,0.15217,0.28261,0.021739,0.1087,0.043478,0,0,2.4783,0.80435,0.32609,0,0.58696,0.021739,0,0,0.043478,0.021739,0,0,0,0,0,0,0,0,0,0,0,0,0,0,0,0,0,0,0,0,0,0,0,0,0,0,0,0,0,0,0,0,0,0,0,0,0,0,0,0,0,0,0,0,0,0,0,0,0,0,0,0,0.043478
7.7174,18.022,0.34783,21.13,0,8.1739,0.021739,0.021739,0.56522,33.37,20.696,10.478,0,0.15217,14.043,2.913,10.717,0.13043,7.7174,1.4565,6.8696,0.34783,0,18.196,4.0217,3.3696,0.19565,0,0,0.021739,0,0.30435,0.086957,28.609,0.021739,0,0.065217,0,0,0,0,0,0,1.1087,0.93478,2.3478,0.95652,0.21739,0,0.086957,0.043478,0.21739,0,0.23913,0.54348,0,0,0.45652,0.30435,0,0,0,0,0,0,0,1.7174,0,0,0,0,0.15217,0.65217,0.17391,0,0,0,0,0,0,0,0,0,0,0,0,0,0,0,0.021739,0,0,0.043478,0,0,0,0,0,0,0,0,0,0,0,0,0,0,0,0,0,0,0,0,0.21739,0.021739,0,0,0,0.63043,0,0,0,0,0,0,0,0,0,0.043478,0,0,0,0,0,0,0,0,0,0,0,0,0.1087,0.065217,0.021739,0.3913,0.065217,0,0,0.086957,0.5,0.15217,0,0,0,0,0,0,0,0,0,0,0,0,0,0.19565,1.1739,2.587,1.1957,0.021739,0,0,0,0,0,0,0,0,0,0,0,0,0,0,0,0,0,0,0,0.021739,0,0,0,0,0,0,0,0,0,0,0,0,0.21739,0,0,0.021739,0.15217,0,0,0,0,0,0,0,0,0,0,0,0.021739,0.021739,0.065217,0.13043,0.065217,0.043478,0,0,0,0,0,0,0,0,0,0,0.021739,0,0,0.021739,0,0,0,0,0,0,0,0,0,0,0,3.8696,0.19565,1.1087,0.1087,0,0,0,0,0.021739,0.30435,0,0,0,0,0,0,0,0,0,0,0.021739,0.065217,0.21739,0,0.34783,0,0,0,0.021739,0,0.021739,0,0,0,0,0,0,0.021739,0,0,0,0,0,0,0,0,0,0,0.15217,0,0,0,0.58696,0,0.043478,0,0,0,0.086957,0,0,0.1087,0,0,0,0,0,0,0,0,0,0,0,0,0,0,0,0.021739,0,0,0,0,0,0,0,0,0.021739,0.15217,0,0.043478,0,0,0.043478,0,0,0.15217,0.19565,0.17391,0,0.32609,0,0,0,0.17391,0.19565,0,0,0,0,0,0,0,0,0,0,0,0,0,0,0,0,0,0,0,0,0,0,0,0,0,0,0,0,0,0,0,0,0,0,0,0,0,0,0,0,0,0,0,0,0,0,0,0,0,0,0,0,0,0,0,0,0,0,0,0,0,0,0,0,0,0,0,0,0,0,0,0,0,0,0,0,0,0.043478,0.021739,0,0,0,0,0,0,0,0,0,0,0,0,0.13043,1.1957,1.0435,0.17391,1.5652,0,0.021739,0,0,0,0,0,0,0,0,0,0,0,0,0,0,0,0,0,0,0,0,0,0,0,0,0.021739,0.021739,0,0.021739,0,0,0,0,0,0,0,0,0,0,0,0,0,0,0,0,0.065217,0.043478,0,0,0,0,0,0,0,0,0,0,0,0,0,0,0,0,0,0,0,0,0,0,0,0,0,0,1.0652,0.19565,0.69565,0.021739,0,0,0,0,0,0,0,0,0,0,0,0,0,0,0,0.021739,0,0,0.086957,0,0,0.021739,0,0,0,0,0,0.021739,0.086957,0,0.84783,0,0,0,0,0,0,0,0,0,0,0,0,0,0,0,0,0,0,0,0,0,0,0,0,0.043478,0,0,0,0,0,0,0,0,0,0,0,0,0,0,0,0,0,0,0,0,0,0,0,0,0,0,0,0,0,0,0,0,0,0,0,0,0.065217
16.087,1.1087,42,8.2609,17.304,34.261,1.8913,3.2174,88.239,2.413,15.109,20.87,0.15217,0,20.457,0,0,0.28261,0.43478,0.043478,1.5217,0.6087,0.65217,0.086957,0.93478,0.28261,0.56522,0.13043,0.021739,0.19565,0,0.065217,0,0,0,0.086957,0.021739,0.65217,0.78261,1.0217,0.47826,1.9783,2.6739,0,0.28261,0,0.30435,0,1.5652,0.043478,0,0.086957,0.021739,0.043478,0,0,0.043478,0.17391,0.17391,0,0.021739,0,0,0,0,0,0,0,0,0,0,2.6522,0.065217,0.91304,0.1087,0,0.41304,0.17391,0,0,0,0,0,0,0,0,0,0.13043,0,0,0,0,0,0,0,0,0,0,0,0,0,0,0,0,0,0.021739,0,0,0,0,0.021739,0,0,0,0.065217,0,0.021739,0,0,0,0,0,0,0,0,0,0,0,0.065217,0,0,0,0,0,0,0,0,0,0.021739,0.021739,0,0,0.021739,0,0,0,0,0,0.15217,0,0.13043,0,0,0,0,0,0,0,0,0,0,0,0,0,0,0,0,0,0,0,0,0,0,0,0,0,0,0,0,0,0,0,0,0,0.021739,0,0.17391,0.021739,0.28261,0.19565,0.30435,0.021739,0,1.087,0,0,0.97826,0,0,0.30435,0,0.15217,0.065217,0.36957,0,0,0,0,1.1522,0,0,0,0,0,0,0.021739,0,0.065217,0.17391,0.21739,0.021739,0.34783,0.065217,1.1739,0,0,0.5,0.28261,0,0,0,0,0,0,0,0.021739,0.021739,0,0.043478,0.065217,0,0.021739,0.021739,0.13043,0.17391,0,0,0,0,0,0,3.6739,0.15217,0.80435,2.5652,1,0.086957,0.78261,0.41304,1.413,0.15217,0.36957,0,0,0.021739,0.065217,6.913,0.23913,1.8696,0.5,0,0.23913,1.2609,2.8478,2.6739,4.9565,0.28261,0.17391,0,4.5652,0.52174,5.4348,5.5,4.2391,1.9783,0.021739,0.15217,0.021739,0.086957,0.021739,0.043478,0.1087,0,0.63043,0.41304,0,0,0.28261,0.5,0,0,0,0.065217,0,0,0,0.15217,0,0,0,0,0,0,0,0,0,0,0,0,0,0,0,0,0,0,0,0,0,0,0,0,0,0,0,0.47826,0,0,0.043478,0,0,0.043478,0.086957,0.043478,0.30435,0,0,0.021739,0,0,0,0,0.23913,1.7391,0,0,0,0,0,0,0,0,0,0,0,0,0,0,0,0,0,0,0,0,0,0,0,0,0,0,0,0,0,0,0,0,0,0,0,0,0,0,0,0,0,0,0,0,0,0,0,0,0,0,0,0,0,0,0,0,0,0,0.021739,0.021739,0,0,0,0,0,0,0,0,0,0,0,0,0,0,0,0,0,0,0,0,0,0,0,0,0,0,0,0,0,0,0,0,0,0,0,0,0,0,0,0,0,0,0,0,0,0,0,0,0,0,0,0,0,0.19565,0.1087,0.28261,0.80435,0,0,1.0217,0,0,0,0,0,0,0,0.065217,0,0,0,0,0.5,0,0,0,0,0,0,0,0,0,0.41304,0.043478,0.13043,0.021739,0.19565,0,0,0,0,0,0,0,0,0,0,0,0,0,0,0.065217,0.065217,0,0,0,0,0,0.1087,0,0,0,0,0.043478,0,0.021739,0,0,0,0,0,0,0,0,0,0,0,0,0,0.021739,0,0.23913,0,0,0.45652,2.0435,0.63043,0.043478,0.043478,0.021739,0.23913,0,0,0,0.3913,0.67391,0.26087,1.1304,1.1957,0.76087,0.36957,0,0,0.021739,0,0,0,0.021739,0,0.043478,0,0,0,0,0,0,0,0,0,0,0.021739,0,0,0,0,0,0,0,0,0,0,0,0,0,0,0,0,0,0,0,0,0,0,0,0,0,0,0,0,0,0,0,0,0,0,0,0
18.5,16.109,6.587,21.109,1.5,14.978,0.26087,1.6087,9.913,6.8043,17.522,40.978,14.043,20.457,0,0.76087,1.6304,0.47826,2.9348,2.6522,7.2609,2.4565,0.91304,9.2174,4.413,3.5435,0.19565,0.086957,0,0.30435,0.043478,0.54348,0.26087,8.9565,0.1087,0.1087,0.1087,0.19565,0.086957,0.043478,0.15217,0.32609,0.26087,0.15217,0.34783,0.80435,0.63043,1.1739,0.84783,0.043478,0.21739,0.1087,0.065217,0.19565,0.065217,0.086957,0.19565,1.1087,0.1087,0,0.19565,0,0,0,0,0,0.73913,0,0,0,0,0.043478,0.15217,0.021739,0,0,0,0,0,0,0,0,0,0,0,0,0.086957,0,0,0,0,0,0.086957,0,0,0,0,0,0,0,0.021739,0.15217,0,0,0.021739,0.021739,0,0.021739,0.043478,0,0.021739,0,0,0,0,0,0.021739,0.043478,0.021739,0,0,0,0,0.021739,0,0,0,0,0.021739,0,0.086957,0,0.043478,0.21739,0,0,0.1087,0,0,0.34783,0,1.3696,0.86957,0.021739,0.6087,0.15217,0.13043,0.021739,0.043478,0.17391,0.32609,0,0,0.043478,0,0,0,0,0,0,0,0,0.36957,0,0,0,2,0.043478,0,0,0,0.15217,0,0.043478,0,0,0,0,0,0,0,0,0,0,0,0,0.021739,0.021739,0.1087,0,0.021739,0,0,0,0.065217,0,0,0,0.6087,0.15217,0.76087,0.28261,0.086957,0.26087,0,0.34783,0,0,0.043478,0,0,0,0,0,0,0,0,0.086957,0,0,0.021739,0.021739,0.23913,0,0,0,0,0,0,0,0,0,0,0.021739,0,0,0.065217,0,0,0,0,0,0,0,0,0,0,0,0,0,0,1.5217,0,0.73913,0.17391,0.043478,0.23913,2.4348,0.086957,0.17391,0.021739,0,0,0,0,0,1.6957,0,0.52174,0.065217,0,0.41304,0.95652,0.1087,0,0.3913,0,0,0,0.47826,0.065217,0.086957,0,0.021739,0,0,0,0,0,0,0,0.065217,0,0.065217,0.19565,0.043478,0.065217,0.3913,0.021739,0.086957,0.13043,0,0.19565,0,0.23913,0.086957,0.54348,0,0,0.78261,0.13043,0,0,0,0,0,0,0,0,0,0,0,0,0,0,0,0,0,0,0,0,0,0,0,0.21739,0.34783,0,0.086957,0,0,0,0,0.086957,0.43478,0.65217,0.63043,0.28261,0.13043,0,0,0,0.1087,0.065217,0,0,0,0,0,0,0,0,0,0,0,0,0,0,0,0,0,0,0,0,0,0,0,0,0,0,0,0,0,0,0,0,0,0,0,0,0,0,0,0.043478,0,0,0,0,0,0,0,0,0,0,0,0,0,0,0,0,0,0,0.021739,0,0.021739,0,0,0,0,0,0,0,0,0,0,0,0,0,0,0,0,0,0,0,0,0,0,0,0,0,0,0,0,0,0,0,0,0.065217,0,0,0.021739,0.1087,0,0,0,0,0,0,0,0,0,0,0,0,0,0,0,0,0,0,0,0,0,0.23913,0,0,0,0.086957,0,0.1087,0,0.043478,0,0,0.15217,0,0,0,0,0,0,0,0,0,0,0,0.17391,0,0,0,0.021739,0,0.043478,0,0,0,0,0,0,0,0,0,0,0,0,0,0.56522,0,0,0.043478,0,0,0,0,0,0,0,0,0,0.21739,0.021739,0.021739,0,0,0,0,0.021739,0,0,0.086957,0.15217,0.45652,0,0.021739,0,0.1087,0.5,0,0.6087,0.13043,0,0,0,0,0,0,0,0,0.76087,0.43478,0,0,0.021739,0.15217,0.043478,0,0,0,0,0,0,0.21739,0.086957,0,0,0,0,0.043478,0,0,0.021739,0,0,0,0.043478,0,0,0,0.043478,0,0,0,0,0,0,0,0,0,0,0,0,0,0,0,0,0,0,0,0,0.043478,0.021739,0,0,0,0,0,0.021739,0.043478,0.17391,0,0.043478
3.8696,2.6087,0.56522,1.8043,0.043478,0.1087,0.043478,0.043478,0.021739,40.304,4.4348,0.5,2.913,0,0.76087,0,26.5,60,15.696,10.5,2,0.5,0.67391,9.7609,4.087,1.3043,0.086957,0.6087,0,0.086957,0.043478,3.4565,1.7826,24.522,0,0.021739,0.1087,0,2.7391,0.86957,0.95652,1.2609,0.043478,0.95652,0.043478,0,0.13043,0.78261,0,1.6522,0,0.021739,0.021739,0.43478,3.6957,0.93478,2.413,0.30435,0.34783,0,0.32609,0,0.021739,0,0.021739,0.021739,0.021739,0,0.15217,0.021739,0.043478,0,0.021739,0,0,0,0,0,0,0,0,0,0,0,0.45652,0,0.13043,0.043478,0.23913,0.043478,0,0,0.086957,0.043478,0,0.32609,0,0.043478,0.043478,0.17391,0.19565,0.8913,0,0,0.021739,0.086957,0,1.2174,0.36957,0.19565,0.56522,1.4348,0.15217,0.52174,0.93478,0.065217,0.28261,0.32609,0.17391,0.021739,0,0,0.086957,0.34783,0,0,0,0,0.021739,0,0.043478,0.043478,0.043478,1.913,0.36957,0.26087,1.913,0.065217,2.4565,1.6957,2.1522,4.4565,0.69565,0.5,0.15217,0.23913,0.13043,0.021739,18.326,32.478,5.0652,5.4565,6.587,4,9.1739,15.5,0.71739,0,0.47826,0,2.413,0.1087,1.3478,0.67391,3.087,3.2826,3.6957,2.2174,0.84783,0.021739,0,0.67391,0.065217,0,0,0,0,0.021739,0,0.32609,0,0,0.086957,0.17391,0,0.23913,0,0.021739,0,0,0.19565,0.58696,0.1087,1.3913,0.5,0.021739,0,9.7826,3.5652,5.7391,5.6957,8.0435,4.0652,11.37,6,4.0652,0,0,0,0,0,0,0,0,0.043478,0,0,0.021739,0,0,0,0,0,0,0,0,0,0,0,0,0.021739,0,0,0,0,0,0.065217,0,0,0.021739,0,0,0,0,0,0,0,0,0.95652,0.043478,1.1087,13.522,4.1739,3.1957,8.0217,3.1522,7.1522,54.261,4.087,1.7174,3.5217,0.3913,1.8261,0.19565,0.043478,0.043478,8.6957,1.2391,5.6739,0.45652,0.13043,0.47826,0,0,0,0,0,0.54348,0.15217,0,0,0,0,0,0,0,0,0,0,0,0,0,0,0.021739,0,0,0.19565,0.021739,0.13043,0.8913,0.71739,0.1087,0.28261,0.13043,5.5652,1.8043,18.739,0.30435,0,4.8696,0.32609,0,0,0.13043,0.36957,0,0,0,0.3913,0,0,0,0,0,0,0.065217,0,0,0,0,0,0.021739,0,0.043478,9.9348,5.587,0,9.7174,0,0.26087,4.3043,13.413,10.761,3.8696,1.1304,1.5217,1.8261,0.91304,0,0,0,0.043478,0.021739,0,0,0,0,0,0,0,0,0,0,0.021739,0,0,0,0,0,0,0,0,0,0,0,0,0,0,0,0,0,0,0,0,0,0,0,0,0,0,0,0,0,0,0,0,0,0,0,0,0,0,0,0,0,0,0,0,0,0,0,0.021739,0,0.13043,0,0.065217,0,0.065217,0.80435,0.043478,0,0,0,0,0,0,0,0,0,0.6087,0.043478,0.21739,0,0,0,0,0,0,0,0,0,0,0,0,0,0.43478,0.23913,0,0.043478,0,0.15217,0.086957,0,0,0,0,0,0,0,0,0,0,0,0,0,0,0,0,0,0,0,0,0,0,0.17391,0,0,0,0.021739,0,0,0,0,0,0,0,0,0,0,0,0,0,0,0,0,0,0,0,0,0,0,0,0,0,0,0,0,0,0,0,0,0,0,0,0,0,0,0.28261,0.021739,1.4565,0.065217,0,0,0.23913,0,0,0.71739,0,0.13043,0.41304,0.28261,0.043478,0,0.13043,0,0,0,0,0,0,0.15217,0,0.28261,0,0,0,0.065217,0.19565,0.65217,0,0,0,0,0,0.021739,0,0.021739,0,0,0,0,0.021739,0.021739,0.5,0,0,0,0,0,0,1.2826,1.087,0.021739,0,0.13043,0,0.065217,0.86957,0,0.021739,0.021739,0,0.17391,0.43478,0,0,0,0.021739,0,0,0,0,0,0,0,0,0,0,0,0,0,0,0,0,0,0,0,0.65217,0,0,0,0,0,0,0,0,0.13043,0.73913,0,1.2609
1.5435,2.3696,0.32609,2.6304,0.043478,1.7609,0.021739,0.086957,0.021739,22.478,6.6739,0.52174,10.717,0,1.6304,26.5,0,16.696,28.543,4.587,4.9783,0.97826,0.17391,13,6.913,4.5652,1.1522,0.47826,0.065217,0.13043,0.043478,6.9783,2.4783,46.826,0.021739,0,0.043478,0,0.1087,0.043478,0.28261,0.086957,0.065217,0.17391,0.021739,0.43478,0,0.15217,0,0.043478,0.54348,2.4348,0.065217,0.76087,0.26087,0.17391,0.021739,0.30435,0.021739,0,0.1087,0,0,0,0,0.021739,1.7174,0,0.043478,0.021739,0.021739,0,0,0,0,0,0,0,0,0,0,0,0,0,0.021739,0,0.13043,0.021739,0,0,0,0,0,0.021739,0.021739,0,0,0,0.043478,0,0.65217,0.8913,0,0,0,0.1087,0,0.28261,0.23913,0.021739,0.30435,0.34783,0.043478,0.28261,0.34783,0.043478,0.065217,0.52174,0.021739,0,0,0,0,0.021739,0,0,0,0,0.54348,0.021739,0,0,0,0.021739,0.23913,0.065217,0.1087,0.15217,0.26087,0.80435,0.5,0.6087,1.4565,0.065217,1.4348,2.2391,0.36957,0,1.2174,3.2391,0.67391,0.65217,0.1087,0.086957,3.6087,4.5217,0.54348,0,0.80435,0,1.0652,0.086957,0.26087,0.15217,0.97826,4.5435,8.2826,0.021739,0.1087,0,0,0.32609,0,0.043478,0,0,0,0.043478,0,0.086957,0,0,0,0,0.021739,0,0,0,0,0,0,0.021739,0,0.086957,0,0,0,0.54348,0,0.23913,0.043478,0.13043,0.021739,0.5,0.45652,1.6087,0,0,0.021739,0,0,0,0,0,0,0,0,0.021739,0.021739,0,0,0,0,0,0,0,0,0,0,0,0,0,0,0,0,0,0,0.021739,0,0,0,0,0,0.043478,0,0,0,0,0.47826,0,0.065217,3.5217,0.95652,0.043478,0.47826,0.21739,2.9565,9.6957,0.43478,0.17391,0.63043,0.086957,0.13043,0,0,0,0.82609,0.021739,0.1087,0,0,0.043478,0,0,0,0,0,0,0,0.021739,0,0.043478,0,0,0,0,0,0.021739,0,0,0,0.065217,0.021739,0.021739,0.1087,0,0,0.32609,0.065217,0.1087,0.41304,0.086957,0.19565,0,1.7174,0.28261,4.9783,0.043478,0,0.45652,0.13043,0,0,0.021739,0.043478,0,0,0,0.043478,0,0,0,0,0,0,0,0,0,0,0,0,0,0,0,1.1522,2.5652,0,5.3696,0,0.1087,0.34783,3.3696,3.0217,5.0435,0.1087,0.17391,0.15217,0.021739,0,0,0,0,0,0,0,0,0,0,0,0,0,0,0,0,0,0,0,0,0,0,0,0,0,0,0,0,0,0,0,0,0,0,0,0,0,0,0,0,0,0,0,0,0,0,0,0,0,0,0,0,0,0,0,0,0,0,0,0,0,0,0,0.021739,0,0.021739,0,0,0,0,0,0,0,0,0,0,0,0,0,0,0,0.043478,0.13043,0.065217,0.043478,0,0,0,0,0,0,0,0,0,0,0,0,0.45652,2.2826,0,0,0,0.043478,0.021739,0,0,0,0,0,0,0,0,0,0,0,0,0,0,0,0,0,0,0,0,0,0,0,0,0,0,0,0,0,0,0,0.021739,0,0,0,0,0,0,0,0,0,0,0,0,0,0,0,0,0,0,0,0,0,0,0,0,0,0,0,0,0,0,0,0.21739,0,0.17391,0,0.043478,0.021739,0,0,0,0,0,0,0,0,0,0.043478,0,0,0,0,0,0,0,0,0,0,0,0,0,0.043478,0,0,0,0,0,0,0,0,0,0,0,0,0,0,0,0,0,0.043478,0.021739,0,0,0,0,0,0,0.19565,0.32609,0,0,0.043478,0,0,0,0,0,0,0,0.19565,0,0,0,0,0.021739,0,0,0,0,0,0,0,0,0,0,0,0,0,0,0,0,0,0,0,0,0,0,0,0,0,0,0,0,0,0.021739,0.021739,0.021739
0.1087,0.23913,0,0,0.065217,0.086957,0.19565,0.021739,0,5.5652,1.2174,2.0652,0.13043,0.28261,0.47826,60,16.696,0,21.326,23.087,7.2826,4.2391,2.1087,0.43478,1.1304,0.45652,0.043478,0.19565,0,0.086957,0,6.4348,0.1087,6.1739,0,0,0,0.19565,1.1522,0.065217,1.2826,0.52174,0.086957,0.26087,0,0.17391,0.086957,0.021739,0.1087,1.3043,0.021739,0.21739,0.15217,0.15217,0.73913,0.65217,0.3913,0.15217,0.065217,0,1.087,0.043478,0.065217,0.086957,0,0.021739,0.065217,0,0.19565,0.17391,0.1087,0.47826,0.15217,0.23913,0,0.021739,0.021739,0.021739,0.043478,0.36957,0.95652,1.8261,0,0,0,0.021739,0.021739,0,0,0.021739,0.043478,0.021739,0,0,0,0.021739,0.043478,0.043478,0,0.021739,0.065217,0.43478,0,0.043478,0,0.17391,0.021739,1.3913,0.73913,0.043478,0.45652,0.73913,1.3913,1.9348,1.3478,0.23913,0.73913,0.58696,0.021739,0.021739,0.065217,0.1087,0.065217,0.71739,0.065217,0.086957,0.043478,0.73913,0.065217,0,0,0,0.23913,0.36957,3.3913,0.19565,1.8478,0.17391,0.84783,0.67391,1.2826,2.5217,1.7391,0.065217,0.065217,0.1087,0.36957,0.26087,14.304,7.7609,4.3913,2.4783,6.5,8.1304,3.4348,6.0217,0.34783,0,0.1087,0,0.80435,0.043478,0.6087,0.13043,0.78261,0.41304,0.65217,1.1957,0,0.065217,0.086957,0.52174,0.086957,0.043478,0,0.19565,0,0.13043,0.086957,0.3913,0.021739,0.21739,0.17391,1.087,0,0,0,0,0,0,7.913,7.7609,1.5652,12.043,6.6304,0.23913,0.3913,9.3043,12.261,11.261,16.891,12.935,3.8913,17.109,1.587,2.1739,0.41304,0.3913,0.021739,0,0,0,0,0.1087,0.65217,0.47826,0,0.086957,0.065217,0,0,0,0,0,0,0.021739,0.021739,0.58696,0,0.021739,0.69565,1.3696,0.28261,0.1087,0.065217,0.17391,0.043478,0,0,0.043478,0,0,0,0.043478,0,0,0,0,0.17391,0,0.21739,4.1087,2.4348,1.6304,4.0652,1.3696,6.9783,14.304,4.5652,2.2391,2.0217,1.1304,1.3478,0.86957,0.23913,0.71739,2.3478,0.82609,5.913,3.3696,2.1522,4.4783,9.0652,6.1304,2.2609,2.6522,0.52174,0.52174,0.021739,6.6739,0.36957,1.5652,0.021739,0.93478,0.26087,0,0.021739,0,0.086957,0.021739,0.13043,0.28261,0.043478,0.065217,0.086957,0,0.21739,0.13043,0.17391,0.93478,1.1087,0.021739,0.21739,0.5,5.2174,1.7174,10.391,0.1087,0.065217,2.6739,0.54348,0.15217,0.30435,0.32609,0.71739,0.021739,0.17391,0.043478,0.3913,0.043478,0,0,0,0,0.065217,0.86957,0,0,0,0.021739,0,0.043478,0.065217,0.13043,1.1087,3.8043,0.065217,7.0217,0.021739,0.52174,10.37,17.457,16.891,12.391,6.0217,1.8261,1.6739,2.2174,0,0,0,0.065217,0.23913,0,0,0,0,0,0,0,0,0,0,0,0,0,0,0,0,0,0,0,0,0,0,0,0,0,0,0,0,0,0,0,0,0,0,0,0,0,0,0,0,0,0,0,0,0,0,0,0,0,0,0,0,0,0,0,0,0,0,0.086957,0,0,0.021739,0.13043,0,0.021739,0.043478,0,0,0,0,0,0,0,0,0,0,0.54348,0,0.065217,0,0,0.021739,0,0,0,0,0,0,0,0,0,0,0,0,0,0,0.065217,0.021739,0.021739,0,0,0,0,0,0,0,0,0,0,0,0,0,0,0,0,0,0,0,0,0.1087,0,0,0,0,0,0,0,0,0,0,0,0,0,0,0,0,0,0,0,0,0,0,0,0,0,0,0,0.065217,0,0,0,0,0,0,0,0,0,0,0,0,0,0,0,0,0,0.021739,0.19565,0,0.021739,0,0,0,0,0.21739,0,0,0.17391,0.086957,0,0,0,0,0,0,0,0,0,0.54348,0.043478,0,0.021739,0.19565,0.65217,0.43478,0.21739,0.043478,0.021739,0,0,0.021739,0,0.043478,0,0.63043,0,0.13043,0,0,0,0.043478,0.065217,0,0,0,0,0,0,0.26087,1.3261,0,0,0.28261,0.043478,0.021739,0.021739,0,0.043478,0.021739,0,0.32609,0,0,0,0,0.021739,0,0,0.021739,0,0,0,0,0,0,0,0,0,0,0,0,0,0,0,0,0.23913,0,0.021739,0,0,0,0,0,0,0.28261,0.52174,0.043478,0.56522
2.3261,1.1957,0.65217,2.1739,0.065217,1.5435,0.28261,0.043478,0.065217,5.6087,2.0435,3.6957,7.7174,0.43478,2.9348,15.696,28.543,21.326,0,6.8261,20.239,1.9783,0.82609,10.348,15.348,11.413,1.6739,0.95652,0.021739,0.21739,0.021739,3.913,1.6304,23.196,0,0.17391,0.086957,0.76087,2.1739,0.86957,1.2174,0.36957,0.13043,0.065217,0.021739,0.3913,0.15217,0.63043,0.17391,0.19565,0.93478,3.087,0.043478,2.6739,0.82609,0.54348,0.043478,0.43478,0.21739,0,0.54348,0.021739,0.021739,0,0.021739,0,1.3261,0,0,0.043478,0,0.3913,0,0.065217,1.4783,1.1957,0.54348,0.15217,0.82609,0.91304,0.91304,1.5217,0,0,0,0,0.065217,0.021739,0,0,0,0,0,0,0,0,0.021739,0,0.021739,0.15217,0,0.23913,0,0,0,0.021739,0,0.17391,0.021739,0.021739,0.086957,0.19565,0.065217,0.26087,0.065217,0.065217,0,0.23913,0,0,0,0,0,0.1087,0,0,0,0,0.1087,0.021739,0,0,0,0.043478,0.15217,0.15217,0.043478,0.15217,0.23913,0.19565,0.043478,0.3913,0.23913,0.21739,0.065217,0.3913,0.54348,0.021739,0.47826,0.91304,1.6957,0.34783,1.9565,1.5435,0.84783,1.6522,0.1087,0,0.043478,0,0.17391,0,0.26087,0.021739,0.17391,4.3043,2,0.43478,0.021739,0,0,0.021739,0,0,0,0,0,0,0,0,0,0,0,0.021739,0,0,0,0,0,0,1.587,3.4565,0.86957,2.4565,0.93478,0.97826,0.086957,0.13043,0.21739,1.2174,1.6957,3.9783,0.63043,1.8261,0.086957,0.8913,0,0,0.043478,0,0,0,0,0,0.15217,0,0,0.19565,0.1087,0,0,0,0,0,0,0,0,0.1087,0,0,0.065217,0.34783,0.065217,0.021739,0,0.15217,0.17391,0.021739,0,0.13043,0,0,0.021739,0.065217,0,0,0,0,0.043478,0,0,1.087,0.47826,0.67391,1.1522,1.087,0.23913,3.8696,0.82609,0.3913,0.80435,0.95652,0.15217,0.043478,0.36957,0.97826,1.2391,0.47826,2.4565,1.6739,0.8913,3.1957,5.6739,10.478,8.2391,3.5435,2.3913,1.0217,0,17.717,0.58696,5.8913,0.58696,1.3913,0.56522,0.065217,0.21739,0.13043,0.41304,0,0,0.1087,0.1087,0.1087,0.086957,0.086957,0.043478,0.23913,0.45652,0,0.043478,0.36957,0.065217,0,0,0.065217,0.93478,0,0,0.26087,0,0,0,0,0.021739,0,0,0,0,0,0,0,0,0,0,0,0,0,0,0,0,0,0,0,0.73913,0.41304,0,0.58696,0,0,3.9565,3.1739,1.3478,3.1304,0.6087,0.15217,0.043478,0.19565,0,0.21739,0,0.065217,0.23913,0,0,0,0,0,0,0,0,0,0,0,0,0,0,0,0,0,0,0,0,0,0,0,0,0,0.043478,0,0,0,0,0,0,0,0,0,0,0,0,0,0.086957,0,0,0,0,0,0,0,0,0,0,0,0,0,0,0,0,0,0,0.065217,0,0,0,0.021739,0,0.086957,0.043478,0,0,0,0,0,0,0,0,0,0,0,0.17391,0.19565,0,0,0,0,0,0.021739,0,0.043478,0,0.043478,0,0,0,0.67391,0.41304,0,0,0,0,0,0,0,0,0,0,0,0,0,0,0,0,0,0,0,0,0,0,0,0,0,0,0.065217,0,0,0.021739,0,0.065217,0,0,0,0.19565,0,0,0,0,0,0,0,0,0,0,0,0,0,0,0.021739,0,0,0.021739,0.13043,0,0,0,0,0,0,0,0,0,0,0,0,0,0.26087,0,0.065217,0.021739,0.021739,0.021739,0.021739,0,0,0,0,0.28261,0.043478,0,0,0,0,0,0,0,0,0,0,0,0,0.043478,0.13043,0,0.021739,1.0652,0.5,0.1087,0.47826,0.56522,0.043478,0.021739,0.021739,0.021739,0.043478,0.043478,0,0.26087,0.021739,0.17391,0.58696,0.021739,0,0,0,0,0,0,0,0,0,0,0,0,0,0,0,0,0,0,0,0,0,0.28261,0.043478,0,0,0,0,0,0,0,0,0,0,0,0,0,0,0,0,0,0,0,0,0,0,0,0,0,0,0,0.021739,0,0,0,0,0.086957,0.065217,0.19565,0.13043
0.086957,0.63043,0.065217,0.1087,0.021739,1.7391,3.7609,7.6957,0.065217,2.4783,0.21739,0.13043,1.4565,0.043478,2.6522,10.5,4.587,23.087,6.8261,0,21.652,31.022,25.043,4.913,0.95652,0.91304,0.63043,2.7391,0.15217,0.73913,0.71739,5.7826,0.065217,9.6522,0.21739,0.043478,0,0.1087,2.1304,0.19565,2.3478,2.8043,0.21739,0.58696,0,0.58696,0,0.54348,0,0.23913,0.17391,0.19565,0.17391,1.8261,6.0652,3.3478,1.5435,0.71739,2.9348,0,1.3696,0.065217,0.043478,0.28261,0,0.58696,0.71739,0.56522,1.9348,1.413,2.5652,0,0,0.065217,0.021739,0.043478,0.021739,0.36957,0.021739,0.17391,0.58696,1.1304,0,0,0,0.21739,0.34783,0,1.1522,0.21739,0.21739,0.043478,0.47826,0,0.021739,0.41304,0.17391,0.043478,0.1087,0.54348,0.8913,2.2826,0.58696,0,1.3261,1.2391,0.95652,5.7391,4.1739,0.95652,4.1739,4.9565,3.4348,6.7609,8.9348,2.6087,2.4565,3.6739,0.63043,1.1957,0.41304,1.2826,1.7609,1.6739,0.15217,0.19565,4.1087,0.91304,0.32609,0.58696,0.15217,0.3913,0.28261,2.5435,1.9783,0.80435,0.91304,0.21739,3.6739,4.6522,3.7391,11.5,8.8913,1.587,3.8478,1.2174,1.6522,0.28261,4.1087,6.3043,1.8696,2.0435,1.8696,5.9348,1,1.7609,0.19565,0,1.8696,0,2.7609,0.1087,2.087,0.5,0.78261,0.15217,0.78261,0.21739,0.21739,1.5652,0.34783,0.43478,0.21739,0.065217,0.84783,0.23913,0.021739,1.4565,1.4565,1.5,0.30435,1.6087,1.413,2.7826,0.043478,0.17391,0,0,0,0.17391,6.1304,4.3696,3.5435,10.326,5.3478,2.7826,2.2391,3.9348,2.9783,8.587,9.913,10.304,5.8261,12.739,2.913,10.022,2.8913,1.5652,1.1522,0,0,0,0.17391,1.0652,10.978,2.1304,10.5,15.652,18.957,0,0.043478,0.065217,0,0.043478,3.0435,0.34783,1.6522,3.1957,0.17391,0.28261,0.13043,3.9783,2.1522,5.7391,2.1304,13.413,7.5,12.5,0.21739,0.065217,0,0.021739,0.56522,3.5435,0.021739,0,0.086957,0,0,0,0.45652,2,2.3043,2,1.8261,1.1957,1.6957,6.1304,1.0435,0.30435,0.76087,0.41304,3.1522,1.2174,0.52174,2.1304,0.67391,0.30435,2.6739,1.6304,0.76087,1.1957,1.5435,2.7826,2.1304,7.4783,10.457,0.30435,0.26087,3.6957,0.043478,2.8696,0.21739,2.6304,0.95652,2.3261,0.23913,5.587,10.696,1.1522,2.0435,0.5,1.4348,3.3478,1.7391,0.76087,4.3696,4.7174,3.2609,6.1087,5.3696,1.0435,1.3696,0.28261,3.2391,1.7609,11.87,0.13043,0.15217,4.9783,0.56522,0.30435,1.7391,0.97826,1.9348,2.2826,2.3696,1.9348,10.109,2.7609,0,0.30435,0.34783,0.13043,0.47826,2.7391,3.3696,0.45652,0.19565,0.47826,1.7174,4.2391,0.65217,0.45652,0.36957,8.9565,1.0435,13.87,0.5,3.8478,2.4348,11.087,5.4783,27.804,18.674,18.413,18.63,18.326,0,0,0,0.021739,0.021739,0,0,0,0,0,0,0,0,0,0.086957,0,0,0,0,0,0,0,0,0,0,0,0,0,0,0,0,0,0,0,0,0,0,0,0,0,0,0,0,0,0,0,0,0.021739,0.021739,0,0.043478,0,0,0.021739,0,0,0,0,0,0,0,0,0,0.26087,0.13043,0.1087,0.17391,0.5,0.021739,0.021739,0.28261,0,0,0,0,0,0,0,0,0,0,0.76087,0.086957,0.086957,0,0.065217,0.043478,0,0,0.021739,0,0,0,0,0,0,0.021739,0.065217,0.1087,0,0,0.45652,0.021739,0,0,0,0,0,0,0,0,0,0,0,0,0,0,0,0.15217,0,0,0,0,0,0,0,0.32609,0.15217,0.56522,0,0.69565,0,0,0,0,0.021739,0,0,0,0,0,0,0,0,0,0,0,0,0.086957,0,0,0.5,0.19565,0,0,0,0,0,0,0,0,0,0,0,0,0,0,0.23913,0,0.17391,0.15217,0.80435,0.6087,0,0,0,0,0,1.913,0.63043,0,0.21739,0,0,0.021739,0,0,0,0.17391,0,0,0,0,0.043478,0,0,0.065217,0.065217,0.15217,0.91304,0.065217,0,0,1.087,0,0,0,0,0.78261,0.021739,0,0,0,0,0.1087,0.21739,0.021739,0,0,0,0,0,1.087,3.6957,0.021739,0.021739,1.8043,0.21739,0.30435,0.52174,0.021739,0.19565,0.76087,0.021739,0.15217,0.34783,0,0,0,0.15217,0,0,0.021739,0,0,0,0,0,0,0,0,0,0,0,0,0,0,0,0,0.1087,0,0,0.086957,0,0,0,0.086957,0,1.2609,1.6739,0.65217,0.80435
0.93478,3.5652,1.6304,2.5217,0.34783,4.1087,1.413,1.8696,0.086957,2.413,0.43478,0.56522,6.8696,1.5217,7.2609,2,4.9783,7.2826,20.239,21.652,0,15.522,7.6087,15.5,8.8696,11.565,3.3478,1.5652,0.021739,0.6087,0.19565,13.413,1.5435,19.522,0.043478,0.086957,0.043478,0.30435,0.1087,0.086957,0.91304,0.56522,1.1522,0.32609,0,0.15217,0.065217,1.413,0.1087,0.21739,0.30435,1.6739,0.086957,2.7391,0.63043,1.5,0.80435,1.2174,5.1957,0,0.41304,0.043478,0.021739,0,0,0.021739,0.73913,0.26087,0.043478,0.19565,0.45652,0.26087,0,0,0.13043,0.17391,0.065217,0.065217,0.065217,1.3043,1.6304,2.8478,0,0,0.021739,0.43478,0.76087,0.021739,0.26087,0.086957,0.065217,0.043478,0.021739,0,0,0.021739,0.086957,0,0,0.15217,0.021739,0.65217,0.065217,0.043478,0.58696,0.15217,0.52174,0.56522,0.93478,0.30435,0.67391,0.95652,0.3913,2.8261,2.7391,1.5217,0.52174,0.56522,0.15217,0,0,0.21739,0.13043,0.69565,0.065217,0,0.1087,0.021739,0.043478,0.065217,0.065217,0.28261,0,0.43478,1.0435,0.45652,0.086957,0.21739,0.43478,0.76087,0.23913,1.6087,1.2826,0.21739,0.84783,0.34783,1.6087,0.43478,0.67391,0.26087,0.36957,0.17391,0.58696,0.34783,0.91304,0.26087,0.58696,0,0.065217,0,0.56522,0.1087,0.043478,0.1087,0.15217,2.5217,3.1739,0.021739,0,0.21739,0.1087,0.63043,0,0,0,0.021739,0,0.021739,0,0.021739,0.043478,0.1087,0.065217,0.41304,0.021739,0,0.021739,0,0.021739,0.021739,1.1304,0.043478,0.021739,0.043478,1.5652,1.5435,0.21739,0,0,0.021739,0.021739,0.086957,0.065217,0.043478,0.67391,1.087,0,0,0.36957,0,0,0,0,1.1739,4.8043,1.4348,4.5652,7.2391,12.37,0.17391,0,0,0,0.23913,0.086957,0,0,0.47826,0,0.43478,0.52174,0.34783,3.1522,11.152,1.7391,10.913,17.239,6.7174,0.021739,0.28261,0,0.065217,0.30435,0.41304,0.086957,0,0,0,0.043478,0,0.065217,0.21739,0.021739,0.021739,0.56522,0.15217,0.32609,0.47826,0.065217,0,0.086957,0.065217,0,0,0.086957,0.95652,0,0.021739,0.13043,0.1087,0,0.065217,0.043478,1.1087,16.543,61.413,64.087,0.043478,0,0.78261,0.17391,7.1522,3.8913,13.891,9.3478,9.5652,7.1522,0.71739,2.6522,0.086957,1.7609,0.043478,0.19565,0.19565,0.32609,0.15217,2.2826,0.26087,0.82609,1.4783,2.7609,0.30435,1.5,0,0.63043,0.34783,3.4565,0,0,0.58696,0,0.021739,0.17391,0.021739,0.021739,0.19565,0.021739,0.021739,0.065217,0,0,0,0,0,0.043478,0.17391,0,0.34783,0,0.34783,0.021739,0.065217,0.043478,0.5,0.043478,4.5,1.1522,10.783,0,0.17391,0.26087,1.0217,0.69565,7.4783,4.0652,1.3478,0.043478,0.30435,0.021739,0.021739,0,0,0.021739,0,0,0,0,0,0,0,0,0.043478,0.19565,0.065217,0,0,0,0,0,0,0,0,0,0,0,0,0,0,0.043478,0,0,0,0,0,0,0,0,0,0,0,0,0.021739,0,0.021739,0,0.021739,0,0,0,0,0,0,0,0,0,0,0,0,0,0,0,0.065217,0.21739,0.13043,0,0.15217,0,0,0.086957,0,0,0,0.021739,0,0,0,0.021739,0,0,0.45652,0,0,0,0,0,0,0,0.065217,0,0,0,0,0,0,0,0.41304,0.043478,0,0,0,0,0,0,0,0,0,0,0,0,0,0,0,0,0,0,0.021739,0,0,0,0,0,0,0,0,0,0.065217,0.065217,0,0.13043,0,0,0,0,0.021739,0,0,0,0,0,0,0,0,0,0,0,0,0,0,0,0.52174,0.1087,0,0,0,0,0,0,0,0,0,0,0,0,0,0,0.30435,0,0.021739,0.065217,0.5,1.9783,0,0,0,0,0,0.47826,0.065217,0,0.065217,0,0,0,0,0,0,0.043478,0,0,0,0,0,0,0,0,0,0.065217,0,0.065217,0,0.17391,3.3696,1.1739,0.13043,0,0,0,0,0.1087,0.21739,0.73913,0.5,0,0,0.021739,0,0,0,0,0,0.15217,0.17391,0.065217,0,0.065217,0,0.13043,0.21739,0,0,0,0.065217,0.043478,0.043478,0,0,0,0.043478,0,0,0,0,0,0,0,0,0,0,0,0,0,0,0,0,0,0,0,0.19565,0,0,0,0,0,0,0.1087,0,0.086957,0.32609,0.13043,0.021739
0.15217,0.67391,0.043478,0.58696,0.13043,17.196,14.326,35.891,0.58696,1.7391,0.021739,0.1087,0.34783,0.6087,2.4565,0.5,0.97826,4.2391,1.9783,31.022,15.522,0,53.783,3,2,3.9348,3.8043,5.7609,0.19565,3.8696,1.1957,14.935,0.41304,3.7174,0.065217,0,0,0.065217,0.17391,0.15217,1.0652,0.84783,0.34783,0.021739,0,0.065217,0,0.47826,0,0.19565,0.065217,0.086957,0.065217,0.21739,0.86957,1.087,1.1739,0.1087,2.6739,0,1.6304,0.021739,0.043478,0.021739,0.021739,0,0.065217,0.80435,2.087,0.91304,1.8913,0,0,0,0,0.021739,0,0,0,0,0.086957,0.23913,0,0,0.23913,0.043478,3.3043,0.065217,1.6957,1.4348,0.13043,0.065217,0.21739,0.043478,0.17391,0.1087,0.34783,0.065217,0,0.26087,0.58696,1.4783,0.13043,0.17391,1.7391,0.73913,0.13043,4.2391,4.2826,1.1522,3.4783,5.6739,3.2174,5.3478,10.739,3.9565,5.2826,3.8913,1.5652,0.69565,0.086957,0.17391,0.3913,1.1087,0.021739,0.15217,0.52174,0.45652,1.7826,3.1304,0.41304,0.8913,0.52174,3.6522,1.1739,2.4783,0.78261,0.93478,1.8478,4.8696,1.4348,6.587,4.9783,0.80435,5.6957,0.86957,1.3478,0.26087,2.7609,1.8261,1.8478,0.82609,0.63043,0.73913,0.34783,0.43478,0.19565,0,0.32609,0,0.69565,0.065217,0.67391,0.021739,0.47826,0.086957,0.84783,0,0.043478,1.7174,0.36957,1.7174,0,0.065217,0.065217,0.30435,0,0.47826,0.6087,1.7826,0.28261,1.1522,0.71739,1.0217,0.13043,0.021739,0,0,0,0.45652,0.84783,0.1087,0.021739,0.23913,0.56522,0.5,0.21739,0.76087,0.56522,0.47826,1.0652,2.0435,0.23913,1.1522,3.3696,4.7174,0.65217,0.97826,7.5,0,0,0,0.021739,1.413,10.478,2.3043,12.261,25.565,22.13,0.021739,0,0,0,3.1957,0.41304,0.043478,0.065217,0.82609,0.15217,0.93478,0.021739,0.67391,2.2391,9.8913,1.2609,10.5,15.522,13.478,0.52174,0.15217,0,0.1087,0.3913,3,0.13043,0,0.1087,0,0,0,0,0.65217,0.34783,0,0.086957,0.15217,2.0217,0.3913,0.17391,0.5,0.13043,0,0,0.065217,0,0.5,0.71739,0.13043,0.065217,0.021739,0,0,0,1.5435,0.32609,1.587,4.5652,0,0,0.043478,0.021739,0.1087,0.043478,0.1087,0.3913,1.6087,5.7174,1.4783,11.652,0.43478,3.2609,1.1522,1.5435,7.7174,3.0652,0.41304,4.0217,3.3261,4.5652,6.7609,8.1739,0.84783,6.1304,0.56522,2,0.41304,6,0.67391,0.21739,2.1522,0.67391,0.23913,1.6087,0.45652,0.95652,0.95652,0.67391,1.6087,4.5435,3.3043,0.021739,0.30435,0.30435,0.021739,0.21739,6.4348,0.80435,0.065217,0.043478,0.28261,0.13043,0.80435,0.13043,0.19565,0.17391,6.0217,0.41304,14.652,0.76087,2.913,0.23913,1.6522,0.71739,4.8478,3.7609,3.9565,11.848,21.891,0.23913,0.30435,0,0,0,0,0,0,0,0,0,0,0,0.043478,0.13043,0,0,0,0,0,0,0,0,0,0,0,0,0,0,0,0,0,0,0,0,0,0,0,0,0,0,0,0,0,0,0,0,0,0,0,0,0,0,0,0,0,0,0,0,0,0,0,0,0.84783,0.15217,0.043478,0,0.43478,0,0,0.30435,0,0,0.021739,0,0,0,0,0,0,0,0,0.3913,0.15217,0.021739,0.043478,0,0,0,0,0,0,0,0,0,0,0,0,0.54348,0,0,0,0.043478,0,0,0,0,0,0,0,0,0,0,0,0,0,0,0,0,0,0,0,0,0,0,0,0.021739,0,0.043478,0,0.1087,0,0,0,0,0,0,0,0,0,0,0,0,0,0,0,0,0,0,0,0,0.93478,0.28261,0,0,0,0,0,0,0,0,0,0,0,0,0,0,0.021739,0.021739,0.3913,0.5,0.78261,1.2826,0.28261,0,0.021739,0,0,0.17391,0.021739,0,0.021739,0,0,0.021739,0,0,0,0,0,0,0,0,0,0,0,0,0,0,0.043478,0,0,0,1.413,0,0,0,0,0,0,0,0,0,0.086957,0.021739,0.15217,0,0.021739,0,0,0,0,0.78261,1.9783,0.065217,0,0.5,0.17391,0.17391,1.1304,0,0.086957,0,0,0.21739,0.065217,0.021739,0,1.1087,0.45652,0.36957,0,0.97826,0,0,0,0,0,0,0,0,0,0,0,0,0,0,0,0,0,0,0.065217,0.17391,0.21739,0,0,0,0,0.1087,0.086957,0.043478,0.47826
0.6087,0.52174,0.71739,0.021739,0.47826,14.522,8.3043,20.326,0.86957,0.78261,0,0.54348,0,0.65217,0.91304,0.67391,0.17391,2.1087,0.82609,25.043,7.6087,53.783,0,0.93478,1.2174,5.087,10.543,4.5217,0.043478,3.2609,0.97826,5.587,0.56522,1.1739,0.086957,0,0.021739,0.021739,0.8913,1.4348,3.2391,3.0217,0.086957,0,0,0,0,0.043478,0,0.54348,0.021739,0,0.043478,0.086957,0.86957,4.2826,3.0217,0.1087,7.0217,0,0.32609,0.043478,1.6087,0.086957,0,0.065217,0.1087,1.3043,1,1.3261,3.0435,0.021739,0,0,0,0.021739,0,0,0,0.84783,0.043478,0.69565,0,0,0.17391,0.30435,0.69565,0,0.97826,1.0435,0.21739,0.086957,0.41304,0.086957,0.1087,0.3913,0.19565,0.021739,0.086957,0.26087,0,0.17391,0.15217,0.34783,2.4783,1.0652,0.15217,5.4783,7.0652,1.4565,3.6739,6.4348,5.413,8.7174,12.348,3.5435,7.4783,7.3478,1,0.86957,0.30435,0.80435,0.84783,4.6957,0.34783,1.3913,1.0217,2.3478,0.78261,2.2609,0.78261,0.78261,3.8043,4.0217,2.3913,2.0217,1.1739,0.69565,0.65217,3.1739,1.6522,5.5435,10.065,0.30435,4.4783,0.91304,0.54348,0.73913,0.5,1.3261,0.76087,0.21739,0.63043,1.4565,0.95652,0.065217,0.56522,0,0.78261,0,0.30435,0,0.26087,0,0.23913,0.1087,0.76087,0,0,3.4565,0.52174,0.15217,0.19565,0.54348,0.086957,0.6087,0.043478,1.0217,1.0435,1.9348,0.19565,1.9565,0.80435,0.30435,0.28261,0.043478,0.41304,0,0.086957,0.67391,0.32609,0.043478,0.086957,0.15217,0.1087,0.1087,0.043478,0.13043,0.15217,0.30435,0.6087,0.78261,0.065217,0.32609,5.0217,4.1957,0.23913,0.23913,42.674,0,0,0,0.086957,0.1087,8.2391,2.5652,18.587,68.391,52.478,0.043478,0.23913,0.67391,0,2.1087,0.17391,0.021739,0,0.043478,0.13043,0.086957,2.0652,0,0.95652,3.6739,0.32609,11.087,7.9783,21.848,1.8696,0.21739,0,0.086957,1.1522,10.391,0.21739,0,0.41304,0,0,0,0,0.63043,0.086957,0,0.043478,0,0.17391,1.2391,0,0.086957,0,0.021739,0.021739,0,0,0,0.065217,0.43478,0.17391,0,0,0.021739,0.021739,1.7391,2.7391,6.6522,2.7609,0,0,0.15217,0,1.2609,0.47826,1.0652,0.1087,0,0.30435,10.065,17.783,1.3478,5.3043,8.1304,2.3043,22.761,14.587,2.2391,5.087,15.652,10.348,7.3043,13.652,4.1522,5.0435,0.21739,1.6304,0.21739,1.8696,0.17391,0.13043,1.1739,1,0.52174,1.7174,1.2609,1.4783,1.5217,1.8696,2.4783,7.6087,1.2609,0,0.1087,0.086957,0,1.5435,6.2391,0.26087,0.065217,0.065217,0.76087,0,1.0435,3.0652,0.13043,0.043478,0.58696,0.043478,3.6522,1.0217,5.087,0.065217,0.56522,0.36957,2.4348,2.1522,3.7391,5.7174,24.543,0.086957,0.15217,0,0,0,0,0,0,0,0,0,0,0,0.086957,0.26087,0,0,0.021739,0,0,0,0,0,0,0,0,0.021739,0,0,0,0,0,0,0,0,0,0,0,0,0,0,0,0,0,0.021739,0,0,0,0,0,0,0,0,0,0,0,0,0,0,0,0,0,0,1.2391,0.8913,0.1087,0.52174,0.6087,0.043478,0.21739,0.30435,0,0,0,0,0,0,0.021739,0,0,0,0,0.23913,0.15217,0,0,0.043478,0,0,0,0,0,0,0.021739,0,0,0,0.021739,0.086957,0,0,0.021739,0.1087,0.021739,0,0,0,0,0,0,0.021739,0,0,0,0,0,0,0.28261,0,0,0,0.043478,0,0,0,0,0,0,0.021739,0,0,0,0,0,0,0,0,0,0,0,0,0,0,0,0,0,0,0,0.15217,0.043478,0,0,0.021739,0,0,0,0,0,0,0,0,0,0,0,0,0,0.021739,0.021739,0.021739,1.4565,1.4565,1.6522,1.5652,0.17391,0,0,0,0,0.065217,0.021739,0,0,0,0,0,0,0,0,0,0,0,0,0,0,0,0,0,0,0,0.021739,0,0,0,0,0,0,0,0,0,0,0,0,0,0.3913,0.021739,0.13043,0.043478,0.21739,0,0,0,0,0.97826,5.6304,0.1087,0,1.0435,0.21739,0.5,0.8913,0,0.043478,0,0,0.63043,0.17391,0,0,0.065217,0.043478,0.043478,0.021739,0.23913,0,0,0.021739,0,0,0,0,0,0,0,0,0,0,0,0,0,0,0,0.021739,0,0.021739,0,0,0,0,0,0.065217,0.36957,0.93478
11.152,19.761,1.8913,16.043,0.80435,16.63,0.76087,0.63043,0.13043,26.435,9.3696,2.7174,18.196,0.086957,9.2174,9.7609,13,0.43478,10.348,4.913,15.5,3,0.93478,0,29.717,18.109,2.7826,2.6522,1.0217,0.19565,0.17391,2.6522,2.4348,14.891,0.36957,0.30435,0.086957,0,0.021739,0.043478,0.086957,0.21739,0.086957,0.28261,0.36957,1.5435,0,0.91304,0,0.065217,0.43478,0.17391,0,0.67391,0.78261,0.17391,0.30435,2.1522,0.69565,0,0.043478,0.15217,0,0,0,0.15217,1.0217,0.13043,0.13043,0.021739,0,0,0,0.043478,0,0,0,0,0,0,0,0,0,0,0,0,0,0.47826,0.043478,0.086957,0.021739,0,0.23913,0.043478,0,0,0.086957,0,0.021739,0,0.19565,0.21739,0,0,0,0.021739,0,0.065217,0.19565,0.043478,0.065217,0.043478,0.1087,0.73913,0.065217,0.021739,0.043478,0.065217,0.1087,0,0,0,0.021739,0.15217,0,0,0.021739,0.021739,0.36957,0,0.021739,0,0.021739,0.30435,0,0,0,0,0.021739,0.043478,0.021739,0.82609,0.19565,0.021739,0.30435,0.23913,0.13043,0,0.91304,2.4565,1.087,0,0.69565,0.13043,0.13043,0.8913,0.13043,0,0.021739,0,0.065217,0,0.086957,0,0.17391,0.32609,2.913,0.17391,0,0,0,0.021739,0,0.021739,0,0,0,0,0,0,0,0,0,0,0.15217,0,0,0,0,0,0.043478,0.021739,0,0.21739,0.15217,0,0,1.9783,0.043478,0.28261,1.3261,0.95652,0.82609,2.4565,0.19565,0.69565,0,0,0.13043,0,0,0,0,0,0.26087,0,0.021739,0.65217,0.84783,0.021739,0,0,0,0.63043,0,0,0,0,0,0,0,0,0,0.28261,0,0.086957,0.34783,1.0217,0,0,0,0,0,0.021739,0,0,0.021739,0,0.021739,0,0.1087,5.5652,0.43478,0.41304,2.2609,0.71739,2.2174,15.174,0.80435,0.30435,0.52174,0,0.56522,0,0,0,4,0.54348,0.6087,0.13043,0,0.19565,0,0.065217,0.021739,0.19565,0.23913,0.021739,0,0.15217,0.15217,0.32609,0,0.043478,0.021739,0.021739,0.021739,0.021739,0,0.021739,0.021739,0.043478,0,0.021739,0.6087,0.1087,0.82609,0.1087,0.065217,0.47826,0.93478,0,0.043478,0,2.913,0.28261,2.8696,0,0,1.8043,0.15217,0,0.021739,0,0,0.021739,0,0,0.021739,0,0,0,0,0,0,0,0,0.021739,0,0,0,0,0,0,1.1739,1.4783,0,1.5435,0,0,0.043478,0.28261,0.69565,0.97826,1.1957,0.32609,0.021739,0.086957,0,0,0,0,0.043478,0,0,0,0,0,0.021739,0,0,0.043478,0.021739,0,0,0,0,0,0,0,0,0,0,0,0,0,0,0,0,0,0,0,0,0,0,0,0,0,0,0,0,0,0.021739,0,0,0,0,0,0,0,0,0,0,0,0,0,0,0,0,0,0,0,0.065217,0,0,0.021739,0,0,0,0,0,0,0,0,0,0,0,0,0,0,0,0,0.021739,0,0,0,0.021739,0,0,0,0,0,0,0,0,0.065217,2.0217,0,0,0.021739,0,0,0,0,0,0,0,0,0,0,0,0,0,0,0,0,0,0,0,0,0,0,0,0,0,0.021739,0.043478,0,0.065217,0,0,0,0,0,0,0,0,0,0,0,0,0,0,0,0,0,0,0,0,0,0.1087,0.021739,0,0,0,0,0,0,0,0,0,0,0,0,0,0.086957,0,0.021739,0,0.21739,0.36957,0,0,0.021739,0,0,0.043478,0.021739,0.34783,0.021739,0.1087,0,0,0,0,0,0.021739,0,0,0,0,0,0,0.30435,0.5,0.021739,0,0.065217,0.13043,0.065217,0,0.043478,0.043478,0,0.043478,0,0,0,0.13043,0,0,0,0.15217,0.021739,0,0,0,0,0,0,0.021739,0.021739,0,0,0.021739,0,0.086957,0.043478,0,0.021739,0,0,0.13043,0,0,0,0,0,0,0,0,0,0,0,0,0,0,0,0,0,0,0,0,0,0,0,0,0,0,0,0,0,0,0,0,0,0,0.021739,0,0
3.587,13.543,1.8043,8.8913,0.3913,6.9783,0.3913,0.58696,0.26087,5.1522,3.9783,1.5,4.0217,0.93478,4.413,4.087,6.913,1.1304,15.348,0.95652,8.8696,2,1.2174,29.717,0,30.326,5.1957,1.8913,0.73913,0.065217,0.021739,2.4783,3.413,10.13,0.63043,0.021739,0.043478,0.1087,0.043478,0,0.32609,0.43478,0.086957,0.043478,0.80435,0.15217,0.5,0.41304,0.043478,0.15217,0.3913,0,0.1087,0.58696,0.36957,0.56522,0.19565,2.6522,2.7174,0,0.086957,0.13043,0,0.021739,0,0.065217,0.36957,0.15217,0.19565,0.32609,0.086957,0.021739,0.34783,0.021739,0.3913,0.21739,0.1087,0,0.043478,0.15217,0.065217,0.1087,0.043478,0,0,0,0,0.52174,0,0,0,0,0,0,0,0,0,0,0,0,0,0.043478,0,0,0,0,0,0,0.15217,0,0.065217,0,0.065217,0.086957,0.19565,0.021739,0.021739,0.086957,0,0,0,0,0.065217,0,0.043478,0,0,0,0.043478,0.15217,0,0.043478,0,0.021739,0,0.021739,0,0,0.021739,0.086957,0,0.21739,0.63043,0.021739,0,0.043478,0.54348,0,1.1957,0.1087,0.95652,0.021739,0.41304,0.021739,0.19565,2.2609,0,0,0,0,0.021739,0,0.021739,0,0.15217,0.19565,3.3261,0,0,0.26087,0,0.28261,0,0.043478,0,0,0,0,0,0,0,0,0.021739,0,0.13043,0,0.021739,0.28261,0,0,0,0.58696,0.021739,0.30435,0.23913,0.021739,0,0.47826,0,1.1087,0.84783,1.3913,1.087,1.3913,0.065217,0.13043,0,0,0.67391,0,0,0,0,0,1.4348,0,0.73913,4.8696,2.3043,0.086957,0,0,0,1.2391,0,0,0,0,0,0.021739,0,0,0,1.3478,0.021739,0.52174,2.3696,1.8043,0.021739,0,0,0,0.065217,0.1087,0.065217,0,0.21739,0,0.043478,0,0,1.3696,0.32609,0.58696,0.19565,1.6957,0.086957,3.7174,0.30435,0.32609,0.76087,0.82609,0.23913,0,0.086957,0.43478,2.2174,0.065217,0.73913,0.34783,0.21739,1.413,0.95652,2.8478,2.7174,1.3478,2.087,0.19565,0,3.3913,0.043478,0.91304,0.1087,0.54348,0.43478,0.32609,0.1087,1.6304,0.043478,0,0.021739,0.15217,0.021739,0.28261,0.65217,0.1087,0.065217,1.1087,0.63043,0.1087,0.28261,0,0.13043,0,0,0,0.23913,0,0,0.1087,0.021739,0,0.19565,0,0.021739,0.021739,0.043478,0.043478,0.17391,0,0,0,0,0,0,0,0,0.1087,0,0,0,0,0,0,0.36957,0.1087,0,0.065217,0,0,0.086957,0.43478,0.043478,0.47826,0.19565,0,0.021739,0.086957,0,0.065217,0,0.13043,0.065217,0,0,0,0,0,0,0,0,0.021739,0,0,0,0,0,0,0,0,0,0,0,0,0,0,0,0,0,0,0,0,0,0,0,0,0,0,0,0,0,0,0.36957,0.021739,0,0.021739,0,0,0,0,0,0,0,0,0,0,0,0,0,0,0,0.13043,0,0.021739,0,0,0,0,0,0.021739,0,0,0,0,0,0,0,0,0,0,0,0,0,0,0,0,0.021739,0.021739,0,0,0,0,0,0,0.021739,0.021739,0.13043,0,0,0,0,0,0,0,0,0,0,0,0,0,0,0,0.021739,0,0.065217,0,0.065217,0.13043,0.043478,0,0,0,0.021739,0.17391,0.021739,0.021739,0,0,0.021739,0,0.021739,0,0,0.021739,0,0.021739,0,0,0,0,0,0,0,0,0,0,0.021739,0,0,0.26087,0.34783,0.43478,0,0,0,0,0,0,0.34783,0,0,0,0,0,0,0.6087,0,0,0.021739,0.19565,0.17391,0,0,0.15217,0,0,0.021739,0.021739,0.065217,0.043478,0,0,0,0,0,0,0,0,0,0,0,0.1087,0.1087,0,0.17391,0.19565,0.19565,0.23913,0.17391,0,0.13043,0.8913,0.5,0.043478,0,0,0.78261,0,0.17391,0.043478,0.41304,0.17391,0,0.021739,0,0,0,0,0,0,0.043478,0.043478,0,0,0,0,0.043478,0,0,0,0,0,0,0.043478,0,0,0,0.043478,0,0,0,0,0,0,0,0,0,0,0,0,0,0,0,0,0,0,0,0,0,0,0,0,0,0,0,0,0,0.1087,0.021739,0.021739
1.3913,10.196,2.0217,8.2826,0.82609,7.6304,1.4783,2.6957,0.21739,2.1087,0.80435,0.26087,3.3696,0.28261,3.5435,1.3043,4.5652,0.45652,11.413,0.91304,11.565,3.9348,5.087,18.109,30.326,0,21.826,2.9348,0.23913,0.26087,0.15217,2.8043,1.0217,13.152,0.17391,0.19565,0.043478,0.17391,0.41304,1.0652,1.6304,1.6522,0.065217,0,0.13043,0.065217,0,0.52174,0.021739,0.23913,0.73913,0.086957,0.021739,0.56522,0.5,1.1739,1.5652,2.5435,7.5,0,0,0.32609,0,0.021739,0.043478,0,0.19565,1.7174,1.0435,0.91304,1.1087,0.065217,0,0.065217,0.086957,0.6087,0.021739,0.13043,0.043478,0.47826,0.84783,0.54348,0,0,0,0,0.086957,0.17391,0,0.23913,0.021739,0,0,0,0,0.021739,0.021739,0,0.19565,0,0,0.021739,0.021739,0,0.043478,0.15217,0,0.021739,1.1957,0.58696,0.6087,0.91304,1,1.2391,4.1087,2.1087,1.6522,1.4348,0.021739,0.28261,0.021739,0.8913,0.41304,0.043478,0.28261,0.043478,0.17391,0.021739,0.91304,1.6304,0.41304,0.65217,0.021739,1.3696,0.13043,0.17391,0.086957,0.065217,0.043478,0.15217,0.021739,0.23913,0.21739,0,0.67391,0.021739,1.4565,0,0.32609,0.065217,0.086957,0,0.021739,0.19565,0,0.34783,0,0,0,0,0,0,0,0,0.15217,0.34783,4.3913,0,0,0.47826,0,0.13043,0.086957,0.043478,0,0.17391,0.065217,0.34783,0,0,0.021739,0.56522,0,0.021739,0.19565,0,0.043478,0.36957,0.043478,0.5,0,0.34783,0,0.19565,0.043478,0.021739,0,0.021739,0,0.26087,0.21739,0.76087,0,0.086957,0.043478,0.1087,0,0,11.109,0,0,0,0,0.17391,1.5217,0,2.1957,13.478,14.37,0.1087,0.1087,0.54348,0,6.1957,0,0,0,0,0,0,0.021739,0,0.71739,7.2609,0.52174,10.196,10.087,11.413,0.26087,0.1087,0,0.3913,0.54348,1.9348,0.41304,0,0.47826,0,0.021739,0.065217,0,0.41304,0,0.065217,0.19565,0,0.021739,1.3261,0.45652,0.021739,0.086957,0,0,0,0.021739,1.2609,1.1304,0,0.13043,0.086957,0,0.065217,0.58696,0.82609,6.087,19.957,17.783,0,0,1.8696,0.15217,4.1304,0.54348,4.0435,3.0217,2.3261,3.4348,2.0435,0.73913,0.086957,0.28261,0.71739,0.34783,3.413,1.6522,0.34783,0.15217,2.6304,2.5217,1.8261,2.1739,1.7174,0.47826,0.021739,0.065217,0.043478,0.30435,0.021739,0,0.043478,0.021739,0.021739,0.84783,0,0.065217,0.54348,0.086957,0.086957,0.78261,0,0,0,0,0,0.021739,0.043478,0,1.0217,0,0.17391,0,0.021739,0,0.17391,0.043478,0.69565,0.043478,2.087,0,0.021739,0.6087,0.5,0.21739,0.043478,0.13043,0.021739,0,0.32609,0,0.34783,0,0,0,0,0.021739,0,0,0,0,0,0,0.021739,0,0,0,0,0,0,0,0,0,0,0,0,0,0,0,0,0,0,0,0,0,0,0,0,0,0,0,0,0,0,0,0,0,0,0,0,0,0,0,0,0,0,0,0,0,0,0,0,0,2,0.13043,0.021739,0,0.086957,0,0.15217,0.021739,0,0,0,0,0,0,0,0,0,0,0,0,0,0,0,0,0,0,0,0,0.043478,0,0,0,0.065217,0,0.086957,0.30435,0,0,0,0,0,0,0,0,0,0,0,0,0,0,0,0,0,0,0,0.021739,0,0,0.021739,0,0,0,0.021739,0,0,0,0,0.021739,0,0,0,0.65217,0,0,0.021739,0,0,0,0,0,0,0,0,0,0.065217,0,0.086957,0,0.63043,0.80435,1.0435,0,0,0,0,0,0,0.021739,0.021739,0,0,0,0,0,0,0,0.34783,0.021739,0.41304,0,0.021739,0,0,0,0,0.086957,0,0,0.021739,0,0,0,0,0,0,0.021739,0.021739,0,0.021739,0,0,0,0.021739,0,0,0.043478,0.043478,0.021739,0.065217,0.065217,2.3696,0.3913,0.21739,0,0,0.15217,0.021739,0.13043,0.021739,0.19565,0.76087,0,0.13043,0,0,0,0,0,0.065217,0.5,0.5,0.043478,0,0.065217,0.021739,0.26087,0,0,0,0,0,0,0.021739,0,0,0.065217,0,0,0,0.043478,0,0,0,0,0,0,0,0,0,0,0,0,0,0,0,0,0,0,0,0,0,0,0,0,0,0,0.065217,0,0.13043
